"Vöruflokkar";"1999 Tonn";"1999 Cif verð milljónir króna";"1999 Hlutfall af heild";"2000 Tonn";"2000 Cif verð milljónir króna";"2000 Hlutfall af heild";"2001 Tonn";"2001 Cif verð milljónir króna";"2001 Hlutfall af heild";"2002 Tonn";"2002 Cif verð milljónir króna";"2002 Hlutfall af heild";"2003 Tonn";"2003 Cif verð milljónir króna";"2003 Hlutfall af heild";"2004 Tonn";"2004 Cif verð milljónir króna";"2004 Hlutfall af heild";"2005 Tonn";"2005 Cif verð milljónir króna";"2005 Hlutfall af heild";"2006 Tonn";"2006 Cif verð milljónir króna";"2006 Hlutfall af heild";"2007 Tonn";"2007 Cif verð milljónir króna";"2007 Hlutfall af heild";"2008 Tonn";"2008 Cif verð milljónir króna";"2008 Hlutfall af heild";"2009 Tonn";"2009 Cif verð milljónir króna";"2009 Hlutfall af heild";"2010 Tonn";"2010 Cif verð milljónir króna";"2010 Hlutfall af heild";"2011 Tonn";"2011 Cif verð milljónir króna";"2011 Hlutfall af heild";"2012 Tonn";"2012 Cif verð milljónir króna";"2012 Hlutfall af heild";"2013 Tonn";"2013 Cif verð milljónir króna";"2013 Hlutfall af heild";"2014 Tonn";"2014 Cif verð milljónir króna";"2014 Hlutfall af heild"
"Alls";2546206.4;182321.5;100.0;2806817.6;203222.1;100.0;2732689.3;220874.0;100.0;2794407.2;207607.5;100.0;2869849.2;216525.1;100.0;3213125.8;260430.8;100.0;3438151.5;313854.6;100.0;3873705.0;432106.3;100.0;4004521.3;429468.9;100.0;4582703.1;514739.3;100.0;3969551.7;446128.2;100.0;3946669.7;477222.3;100.0;3972396.1;561626.1;100.0;4070141.0;597262.2;100.0;4195691.5;583494.9;100.0;4528463.1;626915.1;100.0
"001 Lifandi dýr";5.9;16.2;0.0;3.0;9.5;0.0;4.2;17.2;0.0;5.1;21.0;0.0;5.1;24.5;0.0;11.2;35.8;0.0;7.2;31.0;0.0;7.7;35.1;0.0;21.2;65.2;0.0;7.9;42.9;0.0;6.8;47.4;0.0;9.1;55.0;0.0;15.0;106.1;0.0;8.9;76.2;0.0;10.9;94.1;0.0;20.6;93.8;0.0
"011 Nautgripakjöt";11.9;15.4;0.0;28.0;36.0;0.0;4.2;4.8;0.0;23.8;18.4;0.0;11.9;11.0;0.0;70.5;71.1;0.0;61.9;56.2;0.0;549.1;230.7;0.1;299.4;173.6;0.0;331.7;407.1;0.1;143.5;139.2;0.0;100.5;142.9;0.0;428.4;476.2;0.1;186.2;301.2;0.1;255.9;353.7;0.1;1036.8;912.1;0.1
"012 Annað kjöt og innmatur";15.5;10.0;0.0;41.1;24.3;0.0;26.0;24.7;0.0;101.5;65.8;0.0;76.7;61.5;0.0;130.9;86.4;0.0;112.6;82.4;0.0;183.2;107.1;0.0;463.3;232.9;0.1;634.3;377.8;0.1;413.6;304.3;0.1;460.9;310.4;0.1;892.9;551.4;0.1;811.9;504.4;0.1;1226.6;724.1;0.1;1454.2;810.0;0.1
"016 Kjöt, saltað, þurrkað, reykt";0.1;0.0;0.0;0.0;0.0;0.0;0.0;0.0;0.0;0.8;0.8;0.0;4.7;7.8;0.0;9.1;13.6;0.0;21.1;23.1;0.0;124.0;82.9;0.0;129.0;91.0;0.0;47.6;59.9;0.0;13.4;34.5;0.0;16.9;41.9;0.0;38.8;70.1;0.0;83.0;99.9;0.0;112.7;145.5;0.0;137.8;157.7;0.0
"017 Kjöt og kjötvörur, ót.a.";82.3;39.8;0.0;84.1;39.8;0.0;69.0;39.2;0.0;95.9;51.7;0.0;84.9;42.4;0.0;77.5;42.0;0.0;111.5;54.1;0.0;110.1;56.5;0.0;173.9;90.2;0.0;184.8;120.1;0.0;142.1;133.9;0.0;120.8;116.5;0.0;171.6;168.0;0.0;208.1;200.9;0.0;221.5;240.7;0.0;249.8;268.4;0.0
"022 Mjólk rjómi og mjólkurvörur";183.2;44.9;0.0;513.6;75.1;0.0;363.4;87.2;0.0;226.0;62.6;0.0;231.8;77.2;0.0;214.2;69.7;0.0;204.0;70.8;0.0;234.3;84.1;0.0;266.8;91.2;0.0;172.9;76.6;0.0;109.4;65.1;0.0;136.0;74.8;0.0;176.7;103.3;0.0;215.7;134.4;0.0;252.4;169.3;0.0;246.5;161.5;0.0
"023 Smjör";0.0;0.0;0.0;0.0;0.0;0.0;0.0;0.0;0.0;3.6;2.1;0.0;0.5;0.3;0.0;0.1;0.0;0.0;0.0;0.1;0.0;0.1;0.2;0.0;0.0;0.0;0.0;0.0;0.0;0.0;0.0;0.1;0.0;0.0;0.0;0.0;0.0;0.1;0.0;0.1;0.1;0.0;89.0;65.0;0.0;0.1;0.3;0.0
"024 Ostur og ostahlaup";98.0;53.6;0.0;162.3;68.5;0.0;107.2;62.3;0.0;130.9;76.2;0.0;146.2;92.4;0.0;146.9;100.6;0.0;190.0;113.7;0.0;173.1;114.6;0.0;203.3;148.9;0.0;201.5;192.9;0.0;151.7;189.1;0.0;143.9;175.0;0.0;143.9;193.0;0.0;162.6;221.9;0.0;227.7;311.0;0.1;250.7;332.9;0.1
"025 Egg";70.0;23.7;0.0;103.1;36.1;0.0;71.2;30.0;0.0;44.3;28.7;0.0;68.1;26.4;0.0;65.0;36.8;0.0;176.9;44.2;0.0;261.3;71.7;0.0;243.5;67.7;0.0;212.2;100.1;0.0;100.7;83.5;0.0;113.7;88.1;0.0;99.8;83.2;0.0;106.1;106.7;0.0;220.1;138.7;0.0;188.7;122.2;0.0
"034 Fiskur, nýr, kældur eða frystur";86042.4;2137.5;1.2;7189.8;916.6;0.5;5716.7;697.8;0.3;9358.7;1184.8;0.6;7988.0;572.3;0.3;4777.0;547.5;0.2;14399.1;730.1;0.2;9098.2;982.4;0.2;11571.8;1186.2;0.3;17250.0;2113.0;0.4;7633.9;1590.9;0.4;16525.5;2352.6;0.5;15978.2;3590.8;0.6;9169.4;2472.1;0.4;8780.8;2548.5;0.4;33722.5;3600.4;0.6
"035 Fiskur, verkaður á annan hátt";665.5;130.1;0.1;305.2;93.4;0.0;117.2;55.6;0.0;340.4;147.5;0.1;212.8;51.5;0.0;160.2;111.7;0.0;216.8;85.7;0.0;197.1;71.3;0.0;384.9;148.0;0.0;185.4;108.5;0.0;222.8;154.5;0.0;161.8;110.4;0.0;183.2;44.1;0.0;144.0;62.2;0.0;3.3;5.9;0.0;5.1;6.1;0.0
"036 Skelfiskur og lindýr";31350.4;3434.4;1.9;36689.6;3948.4;1.9;40926.5;4410.6;2.0;51179.6;5095.0;2.5;44299.2;4345.9;2.0;53808.2;5811.3;2.2;47062.3;4262.2;1.4;39285.7;4038.5;0.9;36909.8;4344.0;1.0;33187.6;4930.9;1.0;28228.9;6164.8;1.4;32958.7;7640.2;1.6;24263.8;7446.7;1.3;19011.9;6469.0;1.1;14494.1;4880.8;0.8;19392.9;7482.0;1.2
"037 Niðursoðnar/-lagðar sjávarafurðir";324.8;98.8;0.1;378.4;103.0;0.1;363.8;116.0;0.1;423.1;140.6;0.1;408.8;134.4;0.1;385.7;120.7;0.0;434.8;129.0;0.0;583.0;188.0;0.0;562.4;191.0;0.0;509.0;250.7;0.0;425.2;293.8;0.1;476.1;317.5;0.1;464.0;332.7;0.1;447.0;396.8;0.1;593.3;461.2;0.1;525.8;411.9;0.1
"041 Hveiti, ómalað";11138.7;123.0;0.1;15715.9;176.7;0.1;22783.0;321.3;0.1;24922.9;337.0;0.2;31781.8;406.0;0.2;27581.5;411.9;0.2;29395.5;353.5;0.1;32979.4;467.5;0.1;36305.0;707.9;0.2;34895.3;1132.3;0.2;38129.6;1070.7;0.2;36459.1;1099.2;0.2;36139.4;1521.1;0.3;38632.5;1658.7;0.3;38491.2;1615.6;0.3;35072.7;1212.3;0.2
"042 Rís";845.1;67.4;0.0;903.6;81.8;0.0;1003.3;103.7;0.0;1122.3;107.2;0.1;1157.9;102.4;0.0;1202.7;107.8;0.0;1295.4;102.6;0.0;1264.8;109.5;0.0;1357.6;127.8;0.0;1465.3;231.5;0.0;1237.5;259.7;0.1;1414.0;291.6;0.1;1349.7;293.8;0.1;1294.2;297.3;0.0;1430.8;314.5;0.1;1421.9;307.7;0.0
"043 Bygg, ómalað";17560.2;173.3;0.1;15020.9;159.7;0.1;15328.1;211.4;0.1;14224.0;187.2;0.1;14127.2;177.9;0.1;12425.3;183.8;0.1;13769.1;170.5;0.1;11925.6;187.4;0.0;12239.0;253.0;0.1;12517.4;392.3;0.1;10066.5;307.2;0.1;9663.3;327.7;0.1;9197.2;411.2;0.1;8821.7;412.7;0.1;9720.8;430.2;0.1;12719.2;463.1;0.1
"044 Maís, ómalaður";18677.3;185.2;0.1;20081.4;207.3;0.1;17625.8;232.9;0.1;14508.4;191.7;0.1;21246.7;247.8;0.1;22002.1;292.5;0.1;21876.6;239.7;0.1;20168.8;286.7;0.1;31844.5;565.7;0.1;21736.5;578.4;0.1;20546.3;586.6;0.1;14937.3;466.7;0.1;20098.9;864.8;0.2;14231.6;623.5;0.1;16100.3;704.9;0.1;18145.9;628.7;0.1
"045 Annað ómalað korn";239.0;3.6;0.0;281.2;5.5;0.0;97.8;7.5;0.0;502.5;7.2;0.0;146.4;5.0;0.0;131.2;4.3;0.0;65.6;3.1;0.0;124.8;4.8;0.0;185.9;8.0;0.0;567.3;22.5;0.0;73.7;8.3;0.0;85.6;9.8;0.0;236.3;23.2;0.0;89.6;12.8;0.0;454.5;36.8;0.0;880.1;41.2;0.0
"046 Hveitimjöl";7725.9;179.2;0.1;8694.2;210.1;0.1;7816.7;223.8;0.1;6384.4;184.7;0.1;3655.2;108.3;0.1;3464.7;121.7;0.0;3123.7;110.0;0.0;3436.6;137.4;0.0;4471.5;185.5;0.0;4005.9;318.1;0.1;3867.7;338.9;0.1;5523.3;372.8;0.1;4468.7;400.1;0.1;5297.7;435.4;0.1;4513.1;384.7;0.1;5419.8;398.8;0.1
"047 Annað kornmjöl";4499.8;56.1;0.0;2740.5;42.9;0.0;3745.8;69.3;0.0;7827.3;105.9;0.1;5607.4;86.8;0.0;2696.0;75.4;0.0;7193.0;92.9;0.0;4519.2;81.0;0.0;963.4;36.0;0.0;1127.7;63.9;0.0;1361.5;74.4;0.0;6260.2;228.3;0.0;1933.0;127.3;0.0;2082.1;142.0;0.0;2211.7;168.2;0.0;2569.8;160.4;0.0
"048 Vörur úr korni, mjöli og sterkju";10817.6;1718.1;0.9;10845.4;1830.8;0.9;11490.4;2295.2;1.0;11767.2;2358.6;1.1;12598.6;2429.7;1.1;13154.8;2591.3;1.0;14512.5;2579.5;0.8;15371.9;3039.3;0.7;16462.0;3365.5;0.8;15868.5;4630.6;0.9;14940.9;5467.2;1.2;15614.8;5148.7;1.1;15612.7;5555.7;1.0;16220.5;6216.7;1.0;16695.1;6422.5;1.1;17195.9;6323.2;1.0
"054 Grænmeti, nýtt, kælt eða fryst";6803.2;600.2;0.3;7526.4;628.5;0.3;7607.3;821.8;0.4;7867.3;948.3;0.5;9199.3;1000.8;0.5;9960.3;1269.5;0.5;10762.9;1284.1;0.4;12322.7;1642.1;0.4;14012.5;1793.4;0.4;13439.3;2157.6;0.4;12780.7;2227.2;0.5;13659.6;2484.6;0.5;13179.3;2454.6;0.4;15717.0;2865.8;0.5;14914.8;3044.5;0.5;17950.7;2991.9;0.5
"056 Grænmeti, varið skemmdum";5851.8;596.7;0.3;6024.3;601.7;0.3;6106.7;677.6;0.3;5648.5;634.4;0.3;6152.0;676.7;0.3;6170.0;676.5;0.3;6946.3;691.4;0.2;7336.1;928.1;0.2;7672.5;980.4;0.2;7456.0;1353.3;0.3;6708.3;1598.9;0.4;6604.0;1509.4;0.3;6795.5;1662.8;0.3;6998.9;1778.5;0.3;6744.5;1836.2;0.3;7384.0;1898.0;0.3
"057 Ávextir, nýir eða þurrkaðir";11908.9;1167.4;0.6;11864.2;1117.9;0.6;12781.5;1488.1;0.7;13311.2;1518.5;0.7;14106.1;1567.4;0.7;16562.1;1948.7;0.7;18318.4;2000.8;0.6;20153.8;2522.7;0.6;21746.5;2651.5;0.6;20126.8;3475.1;0.7;19651.0;4111.2;0.9;20181.4;4066.6;0.9;20792.8;4552.3;0.8;22052.4;5117.5;0.9;22784.3;5642.7;1.0;23073.2;5598.8;0.9
"058 Ávextir og vörur úr þeim";2207.4;326.6;0.2;2205.3;331.9;0.2;2340.9;435.6;0.2;2385.7;413.1;0.2;2434.3;420.5;0.2;2761.1;455.1;0.2;2835.6;430.8;0.1;2516.8;455.8;0.1;2873.9;494.6;0.1;2910.2;745.1;0.1;2697.7;979.0;0.2;2632.5;920.6;0.2;2658.1;982.7;0.2;2879.4;1168.4;0.2;2843.7;1244.8;0.2;3130.0;1296.8;0.2
"059 Ávaxta- og jurtasafar";3118.1;299.6;0.2;4212.1;329.3;0.2;4459.9;392.1;0.2;4296.4;374.6;0.2;3756.8;328.5;0.2;3207.4;300.3;0.1;3562.7;308.1;0.1;5273.2;509.8;0.1;6145.3;693.0;0.2;6007.6;945.9;0.2;4590.2;881.7;0.2;4197.8;796.3;0.2;4161.2;942.9;0.2;4836.4;1159.7;0.2;4438.0;1084.2;0.2;4235.3;998.6;0.2
"061 Sykur, melassi og hunang";13471.1;363.2;0.2;14184.9;359.4;0.2;13174.8;476.9;0.2;14056.1;454.0;0.2;13878.9;395.0;0.2;13370.2;382.7;0.1;13540.1;378.3;0.1;12602.1;501.8;0.1;13671.3;548.2;0.1;13313.6;841.1;0.2;13364.9;1260.8;0.3;13286.2;1201.0;0.3;12933.0;1516.8;0.3;13320.7;1443.9;0.2;13502.5;1384.7;0.2;11824.6;1078.4;0.2
"062 Sælgæti úr sykri";1146.1;323.0;0.2;1177.4;310.4;0.2;1188.3;376.8;0.2;1164.9;355.0;0.2;1209.0;371.9;0.2;1338.3;418.1;0.2;1407.3;419.3;0.1;1286.1;456.1;0.1;1403.5;486.1;0.1;1303.5;617.1;0.1;1362.3;842.4;0.2;1254.5;740.1;0.2;1279.0;806.2;0.1;1304.1;854.4;0.1;1260.2;851.7;0.1;1288.6;822.0;0.1
"071 Kaffi og kaffilíki";2076.8;643.5;0.4;2225.7;663.6;0.3;2031.7;668.1;0.3;2194.9;646.2;0.3;2227.3;589.4;0.3;2282.6;629.6;0.2;2503.9;732.0;0.2;2302.3;810.9;0.2;2464.9;914.5;0.2;2280.1;1265.3;0.2;2517.8;1658.3;0.4;2368.5;1727.7;0.4;2213.1;2097.5;0.4;2352.1;2252.0;0.4;2441.8;2089.2;0.4;2441.9;2061.2;0.3
"072 Kakó";494.9;121.3;0.1;563.3;106.2;0.1;536.8;129.0;0.1;561.9;152.1;0.1;653.9;216.7;0.1;729.6;217.8;0.1;649.0;180.4;0.1;748.6;224.8;0.1;831.7;246.4;0.1;778.4;393.6;0.1;957.5;694.0;0.2;890.3;644.9;0.1;941.8;620.2;0.1;987.6;564.4;0.1;1036.1;659.3;0.1;1053.5;805.7;0.1
"073 Súkkulaði og vörur úr kakói";1612.6;572.8;0.3;1657.2;549.5;0.3;1605.7;651.3;0.3;1601.1;658.0;0.3;1562.4;606.6;0.3;1665.4;678.8;0.3;1825.5;682.0;0.2;1912.1;836.1;0.2;1904.6;816.2;0.2;1804.7;1112.8;0.2;1550.7;1274.7;0.3;1566.2;1237.2;0.3;1566.7;1393.0;0.2;1779.3;1620.2;0.3;1810.4;1696.8;0.3;1835.8;1720.0;0.3
"074 Te";50.3;58.0;0.0;47.5;46.2;0.0;47.3;62.5;0.0;45.7;54.9;0.0;49.4;63.5;0.0;47.3;57.2;0.0;67.5;82.9;0.0;58.3;90.8;0.0;75.4;99.9;0.0;73.0;120.0;0.0;83.4;163.4;0.0;78.7;145.7;0.0;85.6;173.6;0.0;85.7;170.6;0.0;93.3;177.5;0.0;97.2;187.5;0.0
"075 Krydd";139.7;57.0;0.0;164.2;67.0;0.0;206.0;97.5;0.0;190.1;82.8;0.0;219.6;94.5;0.0;183.6;81.4;0.0;252.7;93.9;0.0;211.7;98.8;0.0;204.5;96.8;0.0;225.4;149.0;0.0;257.8;211.6;0.0;363.5;247.2;0.1;402.2;265.6;0.0;481.6;306.1;0.1;447.4;336.9;0.1;426.5;344.2;0.1
"081 Skepnufóður, nema ómalað korn";11438.1;406.8;0.2;14551.1;507.4;0.2;14866.2;607.7;0.3;15168.8;644.1;0.3;17498.0;709.4;0.3;18205.7;780.8;0.3;18835.9;717.8;0.2;21733.0;856.3;0.2;24592.0;1088.3;0.3;24618.8;1698.9;0.3;24043.6;2198.8;0.5;27468.4;2298.6;0.5;29265.5;2601.4;0.5;29165.1;3077.0;0.5;32814.2;3746.1;0.6;41205.9;4416.2;0.7
"091 Smjörlíki og tilbúin matarfeiti";674.5;54.2;0.0;738.9;50.6;0.0;800.9;64.2;0.0;738.7;62.3;0.0;681.1;56.6;0.0;826.0;69.8;0.0;942.2;69.9;0.0;1012.3;103.7;0.0;996.5;110.7;0.0;866.2;162.8;0.0;659.0;160.5;0.0;612.8;149.1;0.0;744.4;195.7;0.0;587.6;159.0;0.0;516.2;140.1;0.0;627.1;147.3;0.0
"098 Aðrar unnar matvörur";5244.9;2070.2;1.1;5582.8;1863.8;0.9;5648.0;2316.0;1.0;5822.1;2367.6;1.1;6181.3;2350.4;1.1;6697.5;2641.3;1.0;7941.8;2976.3;0.9;7965.0;3340.2;0.8;8798.7;3618.3;0.8;8619.7;5067.2;1.0;8055.8;6321.9;1.4;8167.4;6213.5;1.3;8088.3;6310.2;1.1;8167.7;6656.7;1.1;8451.2;7116.8;1.2;8470.6;7295.7;1.2
"111 Óáfengir drykkir, ót.a.";1413.3;171.6;0.1;909.8;106.7;0.1;915.1;122.3;0.1;928.4;114.0;0.1;1633.8;178.8;0.1;2198.5;231.3;0.1;2405.6;254.3;0.1;2855.2;373.3;0.1;3419.2;476.3;0.1;3860.4;745.8;0.1;3368.3;810.1;0.2;3577.2;826.3;0.2;3620.4;836.9;0.1;4368.5;981.7;0.2;4571.1;1046.4;0.2;4851.4;1090.5;0.2
"112 Áfengir drykkir";17784.0;1564.1;0.9;11494.0;1712.1;0.8;11521.3;2115.3;1.0;10410.7;2017.8;1.0;10223.6;2036.0;0.9;10475.1;2094.0;0.8;10722.0;2058.7;0.7;10521.4;2511.1;0.6;10819.7;2708.7;0.6;10768.8;3648.0;0.7;9582.2;4057.5;0.9;9110.5;3309.4;0.7;9435.6;3482.0;0.6;9601.2;3603.2;0.6;9776.0;3720.9;0.6;10294.7;3911.5;0.6
"121 Tóbak, óunnið og tóbaksúrgangur";0.0;0.1;0.0;0.0;0.0;0.0;0.0;0.0;0.0;16.4;15.7;0.0;9.6;9.4;0.0;16.8;16.0;0.0;0.0;0.0;0.0;0.0;0.0;0.0;0.0;0.0;0.0;0.0;0.0;0.0;0.0;0.0;0.0;0.0;0.0;0.0;0.0;0.0;0.0;0.0;0.0;0.0;0.0;0.0;0.0;0.0;0.0;0.0
"122 Unnar tóbaksvörur";530.5;1118.9;0.6;471.0;1087.2;0.5;446.5;1364.8;0.6;523.6;1560.4;0.8;392.9;1058.7;0.5;425.9;1129.0;0.4;384.7;997.6;0.3;382.2;1151.6;0.3;417.5;1258.0;0.3;418.5;1808.2;0.4;385.7;2206.7;0.5;361.8;1927.1;0.4;345.3;1851.4;0.3;354.9;1935.6;0.3;466.8;1793.1;0.3;310.0;1834.5;0.3
"211 Húðir og skinn, óunnið";161.9;7.1;0.0;1.7;0.6;0.0;3.6;0.6;0.0;8.1;1.3;0.0;77.9;15.3;0.0;0.4;0.1;0.0;2.4;0.7;0.0;0.1;1.3;0.0;0.1;0.5;0.0;0.1;0.1;0.0;0.0;0.1;0.0;0.1;0.1;0.0;0.0;0.0;0.0;6.2;1.6;0.0;0.0;0.0;0.0;2.8;0.7;0.0
"212 Loðskinn, óunnin";0.0;0.3;0.0;0.0;0.1;0.0;0.0;0.0;0.0;0.0;0.1;0.0;0.0;0.0;0.0;0.0;0.0;0.0;0.0;0.0;0.0;0.0;0.0;0.0;0.0;0.3;0.0;0.0;0.6;0.0;0.1;1.6;0.0;0.2;0.9;0.0;0.5;1.3;0.0;1.2;2.5;0.0;0.0;0.0;0.0;0.0;0.0;0.0
"222 Fræ til vinnslu á linri olíu";348.0;21.0;0.0;331.3;19.5;0.0;367.4;24.4;0.0;306.2;22.1;0.0;230.1;19.7;0.0;159.0;21.2;0.0;170.6;19.1;0.0;180.8;21.7;0.0;182.2;23.7;0.0;188.0;41.3;0.0;183.1;54.8;0.0;220.8;58.5;0.0;242.6;69.5;0.0;192.7;56.4;0.0;225.5;76.9;0.0;238.5;81.8;0.0
"223 Önnur olíurík fræ og aldin";1090.5;15.5;0.0;782.2;21.1;0.0;1275.2;40.4;0.0;1970.0;54.2;0.0;2756.1;70.0;0.0;633.6;29.1;0.0;1061.4;31.6;0.0;1606.7;49.5;0.0;1228.9;45.4;0.0;1850.3;110.5;0.0;1792.6;134.9;0.0;1351.4;111.1;0.0;744.3;76.5;0.0;1014.4;113.0;0.0;1553.2;190.8;0.0;1863.1;222.2;0.0
"231 Náttúrlegt gúmmí og -kvoður";0.2;0.3;0.0;0.2;0.2;0.0;0.1;0.2;0.0;1.7;0.8;0.0;0.3;0.4;0.0;2.9;0.7;0.0;8.8;2.2;0.0;38.4;8.7;0.0;10.5;3.6;0.0;4.9;2.8;0.0;4.7;4.0;0.0;6.8;5.6;0.0;6.2;6.6;0.0;4.7;6.4;0.0;7.4;11.5;0.0;8.9;16.2;0.0
"232 Endurunnið og annað gúmmí; úrg.";320.6;17.7;0.0;300.4;25.5;0.0;148.4;16.8;0.0;295.5;30.8;0.0;316.8;30.2;0.0;835.4;78.1;0.0;627.7;53.2;0.0;1277.8;65.8;0.0;1221.6;77.0;0.0;863.9;106.9;0.0;435.6;71.0;0.0;358.8;50.8;0.0;362.9;55.8;0.0;693.7;67.3;0.0;428.6;82.6;0.0;164.3;35.7;0.0
"244 Korkur, óunninn og korkúrgangur";0.1;0.1;0.0;0.1;0.1;0.0;0.1;0.1;0.0;0.6;0.7;0.0;0.1;0.0;0.0;0.5;0.2;0.0;2.9;0.5;0.0;0.5;0.2;0.0;11.6;0.5;0.0;8.9;0.4;0.0;0.2;0.2;0.0;0.0;0.0;0.0;0.1;0.2;0.0;0.9;0.5;0.0;0.1;0.3;0.0;0.3;0.6;0.0
"245 Eldiviður og viðarkol";432.3;22.1;0.0;557.9;27.1;0.0;525.8;34.5;0.0;537.6;32.0;0.0;472.2;28.0;0.0;460.9;24.0;0.0;494.2;23.6;0.0;260.0;17.8;0.0;310.9;18.2;0.0;535.1;38.8;0.0;498.5;53.1;0.0;312.6;38.1;0.0;325.8;39.2;0.0;350.2;39.8;0.0;456.8;55.9;0.0;358.3;37.3;0.0
"246 Viðarspænir; viðarúrgangur";394.8;15.6;0.0;1034.3;28.2;0.0;1403.9;32.6;0.0;1815.4;48.9;0.0;1385.7;43.8;0.0;1011.0;30.3;0.0;2411.3;50.3;0.0;2335.8;66.7;0.0;4104.6;122.5;0.0;3146.1;136.2;0.0;3322.8;186.1;0.0;2507.2;137.8;0.0;1966.3;110.6;0.0;20890.8;506.2;0.1;24033.2;516.8;0.1;18939.7;443.9;0.1
"247 Trjábolir, óunnir eða kantaðir";1733.5;35.0;0.0;2774.0;57.9;0.0;740.8;47.6;0.0;240.3;9.0;0.0;589.5;14.3;0.0;499.7;15.1;0.0;514.9;21.1;0.0;1324.3;54.2;0.0;884.8;27.7;0.0;813.8;39.1;0.0;691.3;31.5;0.0;313.5;23.0;0.0;317.8;30.7;0.0;402.0;21.9;0.0;1156.6;127.9;0.0;428.8;20.3;0.0
"248 Trjáviður, sagaður o.þ.h.";49320.4;1519.6;0.8;52296.6;1591.8;0.8;44986.1;1698.7;0.8;44424.9;1674.2;0.8;50975.3;1996.8;0.9;58391.0;2374.1;0.9;67619.1;2605.2;0.8;60961.3;2924.1;0.7;68891.0;3927.0;0.9;44862.6;3435.5;0.7;26813.8;2250.0;0.5;34080.9;2865.3;0.6;32137.2;2790.5;0.5;30261.2;2825.7;0.5;32189.8;2893.3;0.5;34053.6;2967.7;0.5
"251 Viðardeig og úrgangspappír";2.1;0.7;0.0;18.0;2.0;0.0;10.8;1.2;0.0;9.4;1.8;0.0;9.8;1.2;0.0;19.2;1.3;0.0;34.6;2.3;0.0;55.2;5.0;0.0;41.6;7.2;0.0;50.1;5.9;0.0;10.4;3.7;0.0;12.2;3.7;0.0;36.4;8.4;0.0;12.6;3.9;0.0;18.5;7.1;0.0;15.1;4.7;0.0
"261 Silki";0.0;0.0;0.0;0.0;0.0;0.0;0.0;0.0;0.0;0.0;0.1;0.0;0.0;0.0;0.0;0.0;0.0;0.0;0.0;0.1;0.0;0.1;0.3;0.0;0.0;0.4;0.0;0.1;0.9;0.0;0.1;1.2;0.0;0.0;0.1;0.0;0.1;0.4;0.0;0.0;0.2;0.0;0.1;0.4;0.0;0.0;0.0;0.0
"263 Baðmull";27.8;3.1;0.0;38.4;3.5;0.0;33.4;3.9;0.0;41.3;5.1;0.0;22.2;2.6;0.0;31.7;3.7;0.0;24.6;2.9;0.0;34.6;5.0;0.0;28.5;3.8;0.0;8.0;1.8;0.0;9.0;3.4;0.0;10.4;3.6;0.0;10.1;3.2;0.0;13.7;5.2;0.0;14.0;5.9;0.0;11.2;3.1;0.0
"264 Júta og aðrar basttrefjar";2.4;0.5;0.0;0.6;0.2;0.0;0.3;0.1;0.0;0.6;0.1;0.0;0.6;0.4;0.0;0.9;0.4;0.0;1.0;0.4;0.0;9.0;1.7;0.0;75.3;8.1;0.0;99.2;13.8;0.0;68.2;15.5;0.0;132.0;37.5;0.0;146.6;43.4;0.0;42.9;12.7;0.0;72.3;18.4;0.0;83.1;19.1;0.0
"265 Jurtatrefjar ót.a.";5.2;2.4;0.0;12.7;3.0;0.0;8.4;3.1;0.0;6.0;2.9;0.0;5.6;3.0;0.0;6.1;3.0;0.0;4.9;2.7;0.0;171.2;7.5;0.0;191.8;9.3;0.0;28.0;4.6;0.0;2.0;2.7;0.0;7.2;4.9;0.0;19.2;5.6;0.0;34.8;9.1;0.0;16.2;5.7;0.0;29.7;6.3;0.0
"266 Tilbúnar spunatrefjar";66.5;13.1;0.0;94.5;15.6;0.0;32.1;8.2;0.0;8.3;3.9;0.0;19.8;8.1;0.0;10.6;3.9;0.0;11.5;6.3;0.0;7.5;4.0;0.0;9.8;5.4;0.0;7.9;3.3;0.0;2.8;6.0;0.0;5.2;3.3;0.0;5.7;3.0;0.0;26.8;14.4;0.0;25.2;19.3;0.0;43.1;30.1;0.0
"267 Aðrar gervispunatrefjar";0.0;0.0;0.0;0.0;0.0;0.0;0.2;0.2;0.0;0.5;0.3;0.0;0.0;0.0;0.0;0.0;0.0;0.0;0.1;0.1;0.0;0.0;0.1;0.0;0.0;0.0;0.0;0.0;0.0;0.0;0.5;0.4;0.0;0.0;0.2;0.0;0.1;0.2;0.0;0.0;0.1;0.0;0.6;0.3;0.0;1.1;0.6;0.0
"268 Ull, dýrahár, ullarlopi";110.8;24.7;0.0;82.8;19.3;0.0;105.2;26.4;0.0;81.9;23.9;0.0;72.5;21.3;0.0;70.7;20.1;0.0;73.8;19.0;0.0;115.5;33.4;0.0;48.5;13.7;0.0;53.6;24.0;0.0;88.2;43.6;0.0;136.1;72.1;0.0;75.6;54.4;0.0;99.8;89.1;0.0;107.0;86.8;0.0;146.6;113.9;0.0
"269 Notaður fatnaður, tuskur";5.8;4.2;0.0;4.8;3.3;0.0;7.2;4.0;0.0;6.7;4.7;0.0;7.4;4.9;0.0;13.8;8.3;0.0;34.3;24.1;0.0;199.2;33.0;0.0;39.2;19.3;0.0;9.0;10.2;0.0;19.5;26.1;0.0;26.0;32.9;0.0;25.8;33.2;0.0;29.3;36.7;0.0;37.3;44.2;0.0;29.0;33.4;0.0
"272 Áburður, óunninn, annar en í 562";0.5;0.1;0.0;1.7;0.3;0.0;11.1;1.4;0.0;19.8;2.9;0.0;22.3;0.8;0.0;0.3;0.0;0.0;0.9;0.6;0.0;0.7;0.2;0.0;39.1;3.3;0.0;6.0;2.4;0.0;23.3;7.7;0.0;10.2;2.5;0.0;5.2;2.5;0.0;3.3;1.5;0.0;1.6;2.4;0.0;1.8;1.1;0.0
"273 Steinn, sandur og möl";66209.6;214.9;0.1;96106.8;258.6;0.1;66225.1;292.5;0.1;40977.8;265.3;0.1;45519.6;269.1;0.1;92558.5;394.9;0.2;192616.3;656.5;0.2;301141.3;917.1;0.2;187739.4;767.2;0.2;141409.6;837.1;0.2;61352.8;468.4;0.1;48126.5;446.1;0.1;31985.6;440.4;0.1;39080.5;428.0;0.1;22440.4;412.3;0.1;37175.6;444.2;0.1
"274 Brennisteinn";7.1;0.3;0.0;0.0;0.1;0.0;0.0;0.0;0.0;0.3;0.1;0.0;0.0;0.0;0.0;1.0;0.1;0.0;1.0;0.1;0.0;0.0;0.0;0.0;1.0;0.1;0.0;0.0;0.0;0.0;1.1;0.2;0.0;0.0;0.0;0.0;0.7;0.4;0.0;26.1;1.0;0.0;0.0;0.0;0.0;0.0;0.0;0.0
"277 Náttúrl. slípiefni; iðnaðardemantar";26.3;5.4;0.0;9.9;6.7;0.0;6.6;4.2;0.0;5.9;2.4;0.0;32.0;3.4;0.0;4.3;2.7;0.0;8.9;3.8;0.0;3.2;3.8;0.0;1.4;12.5;0.0;75.2;11.1;0.0;3.0;6.3;0.0;15.7;10.9;0.0;27.0;24.4;0.0;54.9;14.2;0.0;30.6;16.5;0.0;96.6;10.7;0.0
"278 Önnur óunnin jarðefni";205220.8;608.3;0.3;317193.5;805.0;0.4;293753.6;891.3;0.4;292658.4;897.5;0.4;297515.6;938.3;0.4;291597.1;935.4;0.4;308362.3;1042.8;0.3;286595.2;1177.0;0.3;308470.9;1388.0;0.3;301845.9;2108.8;0.4;287821.3;2510.8;0.6;250321.0;2159.0;0.5;298477.8;2900.6;0.5;336691.2;3618.3;0.6;325333.8;3346.1;0.6;314589.0;3258.8;0.5
"281 Járngrýti og járnkirni";22774.3;69.9;0.0;33104.2;108.2;0.1;41498.9;177.0;0.1;35961.9;128.3;0.1;32282.6;116.1;0.1;40858.3;202.2;0.1;38058.3;263.3;0.1;38508.9;225.3;0.1;43452.4;336.9;0.1;44166.9;685.6;0.1;34403.5;596.2;0.1;36318.2;894.7;0.2;42846.0;1151.4;0.2;19250.6;566.0;0.1;22916.0;632.0;0.1;11088.2;376.8;0.1
"282 Brotajárn og brotastál";0.9;0.1;0.0;3.2;2.4;0.0;81.5;2.3;0.0;183.8;4.6;0.0;0.4;0.1;0.0;0.0;0.0;0.0;193.3;7.4;0.0;0.5;0.8;0.0;0.3;0.8;0.0;1163.9;64.5;0.0;642.7;48.0;0.0;11544.6;583.8;0.1;4680.3;386.7;0.1;0.0;0.0;0.0;173.0;15.2;0.0;4516.5;208.5;0.0
"283 Kopargrýti og koparkirni";43.5;0.8;0.0;0.0;0.0;0.0;0.0;0.0;0.0;21.0;0.5;0.0;0.0;0.0;0.0;0.0;0.0;0.0;0.8;0.1;0.0;0.0;0.1;0.0;0.1;0.7;0.0;12.0;0.7;0.0;0.0;0.1;0.0;0.0;0.1;0.0;0.0;0.1;0.0;7.0;0.2;0.0;1.4;1.2;0.0;0.0;0.1;0.0
"284 Nikkilgrýti og nikkilkirni";0.0;0.0;0.0;0.0;0.0;0.0;0.0;0.0;0.0;0.0;0.0;0.0;0.0;0.0;0.0;0.0;0.0;0.0;0.0;0.0;0.0;0.0;0.0;0.0;0.0;0.0;0.0;0.0;0.0;0.0;0.0;0.0;0.0;0.0;0.0;0.0;0.0;0.0;0.0;0.0;0.0;0.0;0.0;0.0;0.0;0.0;0.0;0.0
"285 Álgrýti og álkirni, þ.m.t. súrál";463708.1;6268.6;3.4;406010.5;7049.1;3.5;465372.0;9467.5;4.3;524230.0;9089.0;4.4;488353.9;7186.4;3.3;524311.1;8653.1;3.3;434800.9;6935.7;2.2;663690.7;15882.0;3.7;814266.9;20557.5;4.8;1620625.5;58382.8;11.3;1557308.9;52621.5;11.8;1612187.7;62852.2;13.2;1539089.9;66767.1;11.9;1590441.5;63604.1;10.6;1646174.8;61336.6;10.5;1583285.0;57751.6;9.2
"286 Úran-/thoríumgrýti og -kirni";0.0;0.0;0.0;0.0;0.0;0.0;0.0;0.0;0.0;0.0;0.0;0.0;0.0;0.0;0.0;0.0;0.0;0.0;0.0;0.0;0.0;0.0;0.0;0.0;13.9;0.8;0.0;0.0;0.0;0.0;167.2;115.3;0.0;0.0;0.0;0.0;0.0;0.0;0.0;0.0;0.0;0.0;0.0;0.0;0.0;0.0;0.0;0.0
"287 Grýti og kirni ódýrra málma";0.0;0.0;0.0;0.0;0.0;0.0;0.0;0.0;0.0;0.0;0.0;0.0;0.0;0.0;0.0;0.0;0.0;0.0;0.0;0.0;0.0;0.0;0.0;0.0;0.0;0.0;0.0;0.1;0.1;0.0;0.0;0.1;0.0;5.1;1.8;0.0;0.0;0.0;0.0;0.1;0.1;0.0;0.0;0.0;0.0;0.1;0.5;0.0
"288 Málmúrgangur annar en járns";25.1;2.1;0.0;57.9;5.8;0.0;45.0;7.2;0.0;20.0;1.7;0.0;22.5;2.6;0.0;23.0;5.3;0.0;12.0;2.0;0.0;22.8;11.8;0.0;6.1;3.6;0.0;0.0;0.0;0.0;9.7;8.3;0.0;5.1;5.5;0.0;20.3;29.1;0.0;7.2;10.6;0.0;23.8;18.9;0.0;12.5;6.8;0.0
"289 Grýti, kirni og úrgangur góðmálma";0.0;0.0;0.0;0.0;0.0;0.0;0.0;0.0;0.0;0.0;0.0;0.0;0.0;0.0;0.0;0.0;0.0;0.0;0.0;0.0;0.0;0.0;0.0;0.0;265.7;9.4;0.0;96.9;4.4;0.0;0.0;0.1;0.0;0.1;1.0;0.0;0.1;0.7;0.0;0.1;0.8;0.0;0.1;0.4;0.0;0.3;1.7;0.0
"291 Óunnar efnivörur úr dýraríkinu";19878.9;167.0;0.1;111994.8;601.3;0.3;121998.5;953.1;0.4;113497.3;966.6;0.5;180204.0;1425.9;0.7;155057.8;1197.9;0.5;136243.5;995.0;0.3;89371.9;1319.0;0.3;69308.0;1353.7;0.3;87514.4;1703.2;0.3;19170.4;508.7;0.1;45286.0;2031.8;0.4;52755.2;1987.7;0.4;42644.5;1381.1;0.2;52053.3;2014.4;0.3;47210.5;1538.2;0.2
"292 Óunnar efnivörur úr jurtaríkinu";1033.9;283.4;0.2;1153.1;294.4;0.1;986.2;315.8;0.1;1147.8;332.6;0.2;1171.0;319.1;0.1;1096.9;364.6;0.1;1475.7;392.3;0.1;1271.6;395.2;0.1;1502.9;487.2;0.1;1363.5;643.2;0.1;1143.6;731.1;0.2;1117.0;654.2;0.1;1131.4;759.3;0.1;1153.6;799.7;0.1;1159.7;850.8;0.1;1359.2;778.2;0.1
"321 Steinkol";60654.7;315.8;0.2;100852.8;620.2;0.3;97682.2;804.0;0.4;98314.4;798.5;0.4;85029.6;602.1;0.3;104546.3;835.6;0.3;116957.3;1196.8;0.4;91551.3;1003.8;0.2;139568.0;1384.9;0.3;98184.9;1731.3;0.3;113996.7;2929.2;0.7;104740.4;2642.7;0.6;110523.0;2843.6;0.5;103992.7;3090.4;0.5;125110.8;3343.8;0.6;100097.6;2430.0;0.4
"322 Töflur úr steink. Brúnkol og mór";482.9;12.4;0.0;464.1;10.7;0.0;674.1;14.9;0.0;630.1;13.9;0.0;701.3;16.3;0.0;588.3;16.3;0.0;919.3;23.3;0.0;726.4;21.0;0.0;802.2;24.9;0.0;992.8;40.4;0.0;601.6;34.0;0.0;606.7;32.6;0.0;738.7;39.4;0.0;927.8;55.7;0.0;1097.6;49.3;0.0;1008.1;48.3;0.0
"325 Koks og hálfkoks";27111.1;199.9;0.1;46892.4;422.5;0.2;41882.2;471.5;0.2;47766.8;497.3;0.2;52826.8;482.9;0.2;52204.6;790.8;0.3;33362.3;467.1;0.1;26027.1;379.1;0.1;33090.9;558.0;0.1;27208.1;992.7;0.2;20897.5;1297.8;0.3;25006.4;1260.1;0.3;23086.3;1108.8;0.2;43048.9;1644.7;0.3;27014.5;1218.6;0.2;18035.9;719.4;0.1
"333 Jarðolía, óhreinsuð";0.0;0.0;0.0;0.0;0.0;0.0;0.1;0.0;0.0;0.1;0.1;0.0;0.3;0.2;0.0;0.0;0.0;0.0;0.1;0.0;0.0;0.0;0.0;0.0;0.0;0.0;0.0;6.6;1.6;0.0;0.4;0.6;0.0;0.8;1.4;0.0;0.5;0.6;0.0;0.1;0.3;0.0;0.2;0.6;0.0;7.8;6.4;0.0
"334 Jarðolíuafurðir, hreinsaðar";786045.1;9095.7;5.0;800955.2;17312.9;8.5;711047.0;17626.6;8.0;739377.0;15816.8;7.6;698640.3;15130.2;7.0;806096.9;21517.3;8.3;794109.8;26881.8;8.6;798223.9;34814.3;8.1;829650.5;34922.6;8.1;755507.5;57813.1;11.2;734444.4;49644.6;11.1;655404.6;56284.5;11.8;680948.4;75116.9;13.4;676188.9;83026.6;13.9;687238.6;80235.7;13.8;997334.1;102907.8;16.4
"335 Aðrar jarðolíuafurðir; bik o.fl.";25774.6;311.1;0.2;30691.1;468.8;0.2;33951.0;646.0;0.3;30533.9;564.2;0.3;26793.8;474.3;0.2;34494.5;582.9;0.2;41515.3;719.0;0.2;43119.2;1080.6;0.3;33342.0;989.2;0.2;33484.1;1904.2;0.4;20967.0;1221.5;0.3;21293.1;1723.4;0.4;16925.3;1628.8;0.3;14136.4;1404.1;0.2;28150.1;2270.7;0.4;21179.1;1152.1;0.2
"342 Fljótandi própan og bútan";1695.4;45.3;0.0;1675.7;60.8;0.0;2472.7;105.5;0.0;2016.0;70.8;0.0;2386.7;87.5;0.0;2015.8;74.9;0.0;2460.4;97.0;0.0;1325.9;77.7;0.0;3419.1;182.4;0.0;3943.3;380.3;0.1;3037.2;305.7;0.1;2619.7;426.9;0.1;2509.9;384.4;0.1;2590.5;384.0;0.1;3065.2;392.3;0.1;2448.3;299.6;0.0
"343 Jarðgas";0.0;0.0;0.0;0.0;0.0;0.0;0.0;0.0;0.0;41.4;1.9;0.0;0.0;0.1;0.0;0.0;0.0;0.0;0.0;0.1;0.0;0.0;0.1;0.0;0.0;0.0;0.0;0.0;0.0;0.0;0.0;0.0;0.0;0.0;0.0;0.0;0.1;0.1;0.0;0.2;0.2;0.0;0.1;0.1;0.0;1.6;1.0;0.0
"344 Jarðolíugas, loftkennt kolvetni";3.8;2.0;0.0;2.3;1.5;0.0;6.3;3.6;0.0;3.5;2.4;0.0;2.4;1.8;0.0;17.4;4.4;0.0;2.8;1.5;0.0;18.2;4.8;0.0;3.6;2.2;0.0;16.5;7.2;0.0;16.3;9.7;0.0;3.6;5.4;0.0;32.2;15.7;0.0;4.8;6.2;0.0;5.5;6.8;0.0;3.6;5.4;0.0
"345 Kolagas, iðnaðargas o.þ.h. gas";0.3;0.3;0.0;0.1;0.1;0.0;1.6;1.2;0.0;3.6;1.7;0.0;0.0;0.0;0.0;0.7;0.4;0.0;0.6;0.5;0.0;0.1;0.4;0.0;0.7;0.4;0.0;0.1;0.7;0.0;0.0;0.0;0.0;0.2;1.5;0.0;0.0;0.0;0.0;0.0;0.0;0.0;0.0;0.0;0.0;0.0;0.0;0.0
"411 Dýrafeiti og -olía";219.3;33.4;0.0;5001.9;161.8;0.1;811.8;129.2;0.1;472.5;90.0;0.0;1137.1;182.9;0.1;3348.6;422.1;0.2;2181.5;243.7;0.1;2317.0;295.0;0.1;3867.9;469.9;0.1;7340.2;1758.2;0.3;3128.5;913.7;0.2;4300.4;1090.5;0.2;8514.6;2426.1;0.4;11023.2;3409.2;0.6;13390.0;4775.4;0.8;7489.4;2644.1;0.4
"421 Órokgjörn lin jurtaolía";3428.7;240.5;0.1;3279.3;209.7;0.1;3382.1;261.7;0.1;3509.1;275.1;0.1;3822.8;311.7;0.1;4426.0;367.1;0.1;4393.8;342.5;0.1;4595.6;392.4;0.1;5306.2;500.1;0.1;5116.7;811.7;0.2;5182.7;989.6;0.2;5303.4;924.8;0.2;4908.1;1076.0;0.2;5499.9;1263.8;0.2;5760.5;1254.6;0.2;5768.7;1159.9;0.2
"422 Önnur órokgjörn jurtaolía";351.1;30.8;0.0;381.0;31.0;0.0;2015.3;70.6;0.0;332.4;31.3;0.0;241.7;26.3;0.0;182.7;22.8;0.0;216.8;24.9;0.0;181.1;29.3;0.0;220.7;44.1;0.0;213.0;54.6;0.0;291.4;80.9;0.0;307.3;85.0;0.0;445.0;149.5;0.0;485.1;146.0;0.0;474.6;165.2;0.0;648.4;203.8;0.0
"431 Dýra/jurtafeiti og -olía, unnin";986.0;79.0;0.0;1170.4;80.9;0.0;1000.8;91.9;0.0;1226.2;106.9;0.1;1220.8;114.4;0.1;907.8;99.1;0.0;913.5;85.3;0.0;1081.2;105.8;0.0;1180.2;125.5;0.0;1377.6;239.2;0.0;1165.4;252.6;0.1;1204.4;250.5;0.1;858.0;241.2;0.0;676.0;214.2;0.0;690.0;201.9;0.0;682.9;179.5;0.0
"511 Kolvetnissamb. og afleiður, ót.a.";255.1;37.6;0.0;249.1;39.5;0.0;364.3;69.0;0.0;512.0;52.1;0.0;478.5;49.1;0.0;581.3;67.1;0.0;549.8;59.5;0.0;495.6;82.1;0.0;517.8;68.1;0.0;437.6;183.3;0.0;319.7;248.6;0.1;222.9;150.9;0.0;178.2;160.6;0.0;204.7;318.1;0.1;243.2;292.4;0.1;202.3;227.7;0.0
"512 Alkóhól, fenól o.þ.h. og afleiður";924.9;74.2;0.0;1017.8;103.3;0.1;898.0;89.3;0.0;971.6;105.4;0.1;913.7;87.9;0.0;1107.9;103.8;0.0;1037.8;89.3;0.0;814.3;106.7;0.0;683.1;97.7;0.0;750.4;155.2;0.0;633.8;206.7;0.0;806.1;228.0;0.0;720.7;211.2;0.0;913.0;298.1;0.0;1208.5;302.8;0.1;1113.0;257.8;0.0
"513 Karboxýlsýrur og afleiður";1413.0;85.9;0.0;2147.5;124.2;0.1;2245.1;167.7;0.1;2334.5;179.2;0.1;2401.1;191.2;0.1;2096.2;175.5;0.1;1785.1;137.5;0.0;1461.5;133.3;0.0;1556.8;138.6;0.0;1530.9;178.9;0.0;1343.6;251.5;0.1;1292.2;236.5;0.0;1032.5;204.3;0.0;1418.0;258.7;0.0;1377.2;269.9;0.0;1314.6;246.6;0.0
"514 Köfnunarefnissambönd";607.8;303.6;0.2;411.3;518.2;0.3;531.2;612.8;0.3;428.4;1256.0;0.6;466.0;2049.5;0.9;500.7;1921.0;0.7;459.7;872.1;0.3;469.9;739.9;0.2;612.2;549.2;0.1;488.0;906.7;0.2;306.8;677.4;0.2;311.7;1125.2;0.2;479.1;1259.7;0.2;370.2;930.9;0.2;261.2;664.2;0.1;235.0;441.9;0.1
"515 Ólífr.-lífræn og mishringl. sambönd";46.9;33.3;0.0;75.6;101.4;0.0;171.7;1669.8;0.8;563.6;2334.5;1.1;339.6;612.5;0.3;134.3;762.1;0.3;123.1;1229.0;0.4;92.3;1118.8;0.3;109.1;915.7;0.2;128.0;1488.5;0.3;132.5;3386.8;0.8;170.1;3882.2;0.8;167.0;3174.0;0.6;112.3;2762.8;0.5;116.5;2832.6;0.5;98.3;1652.9;0.3
"516 Önnur lífræn efnasambönd";327.9;102.0;0.1;284.4;114.4;0.1;242.7;573.9;0.3;251.8;363.1;0.2;301.2;128.9;0.1;186.6;85.9;0.0;238.9;128.3;0.0;216.7;152.8;0.0;196.5;194.1;0.0;149.6;175.1;0.0;113.5;161.5;0.0;109.4;186.0;0.0;147.9;462.4;0.1;133.7;732.0;0.1;171.0;1225.4;0.2;216.3;1346.2;0.2
"522 Ólífræn kemísk frumefni";6162.1;244.7;0.1;5107.9;200.1;0.1;5176.7;257.4;0.1;6441.7;236.1;0.1;5613.2;253.1;0.1;4922.8;239.4;0.1;4264.0;202.1;0.1;3600.8;223.9;0.1;4354.0;264.4;0.1;6561.5;1301.6;0.3;4540.8;639.1;0.1;13205.2;1963.5;0.4;11206.9;3620.7;0.6;10563.5;2509.9;0.4;11967.2;2628.0;0.5;13776.7;2922.0;0.5
"523 Málm-/peroxýsölt ólífrænna sýrna";8677.0;444.6;0.2;8011.0;417.1;0.2;9351.6;628.5;0.3;8540.7;540.1;0.3;9254.2;558.0;0.3;9744.8;603.7;0.2;9210.7;556.8;0.2;16760.0;875.7;0.2;13496.9;862.3;0.2;18514.7;2381.0;0.5;18541.6;2983.0;0.7;19138.2;2775.4;0.6;17767.2;2584.0;0.5;19249.0;3451.9;0.6;18336.4;3066.2;0.5;17242.0;2803.0;0.4
"524 Ólífræn kem. efni; efnas. góðmálma";131.0;7.3;0.0;87.0;6.0;0.0;10.7;3.5;0.0;9.3;3.1;0.0;12.7;2.7;0.0;13.1;2.8;0.0;9.0;2.3;0.0;9.2;3.0;0.0;18.3;6.5;0.0;13.1;8.4;0.0;13.8;6.7;0.0;17.5;19.2;0.0;21.7;13.1;0.0;21.0;27.0;0.0;34.2;22.1;0.0;66.6;22.2;0.0
"525 Geislavirk efni";1.9;16.0;0.0;2.4;23.4;0.0;2.3;18.7;0.0;2.4;24.1;0.0;2.3;22.3;0.0;2.7;25.8;0.0;2.4;22.7;0.0;2.2;23.9;0.0;2.6;22.9;0.0;3.5;28.4;0.0;3.9;36.3;0.0;2.8;29.3;0.0;3.8;68.8;0.0;1.6;23.5;0.0;1.5;27.6;0.0;1.5;23.4;0.0
"531 Tilbúin lífræn litarefni, litlögur";62.5;79.5;0.0;80.2;84.9;0.0;54.0;90.8;0.0;77.4;88.0;0.0;79.1;126.8;0.1;63.4;110.0;0.0;62.2;84.2;0.0;47.2;71.1;0.0;48.6;56.9;0.0;40.4;70.3;0.0;48.9;99.3;0.0;49.2;105.8;0.0;70.4;120.8;0.0;51.2;125.7;0.0;62.9;135.4;0.0;94.1;146.3;0.0
"532 Litunar- og sútunarkjarnar o.þ.h.";77.0;13.1;0.0;85.7;13.0;0.0;109.4;18.4;0.0;111.0;20.1;0.0;122.1;19.7;0.0;102.4;16.7;0.0;51.8;11.8;0.0;21.6;10.9;0.0;71.8;20.9;0.0;49.3;29.3;0.0;23.6;39.8;0.0;43.3;55.2;0.0;55.7;66.4;0.0;36.1;46.9;0.0;24.0;39.5;0.0;42.2;47.7;0.0
"533 Dreifulitir, málning, lökk o.þ.h.";5367.5;1095.7;0.6;6606.4;1142.2;0.6;7885.7;1419.6;0.6;8407.8;1472.0;0.7;9481.1;1597.4;0.7;12071.5;1853.1;0.7;15088.7;1897.4;0.6;17361.1;2231.7;0.5;21414.4;2618.5;0.6;16169.1;2791.1;0.5;9467.8;3009.1;0.7;8426.2;2955.6;0.6;8375.6;3116.0;0.6;8462.7;3239.1;0.5;8638.2;3240.2;0.6;9452.4;3207.0;0.5
"541 Lyfja- og lækningavörur";142.1;344.2;0.2;150.4;404.4;0.2;191.7;491.9;0.2;173.5;571.9;0.3;159.8;507.4;0.2;186.3;481.9;0.2;209.3;460.8;0.1;220.8;624.7;0.1;179.9;644.9;0.2;175.4;973.1;0.2;148.3;1044.8;0.2;189.1;1307.9;0.3;204.2;1497.4;0.3;196.7;1571.5;0.3;224.0;1842.7;0.3;223.2;1560.7;0.2
"542 Lyf, þ.m.t. dýralyf";495.7;4288.4;2.4;865.0;4642.2;2.3;592.5;6079.1;2.8;779.0;6333.3;3.1;828.7;6813.8;3.1;906.6;7343.8;2.8;711.5;6778.6;2.2;788.5;7817.8;1.8;1009.4;8395.8;2.0;816.2;11538.0;2.2;703.2;14126.6;3.2;803.4;13832.0;2.9;858.2;14145.0;2.5;957.1;14918.1;2.5;938.8;15253.1;2.6;946.6;15147.0;2.4
"551 Rokgjarnar olíur, ilm/-bragðefni";131.6;75.8;0.0;196.1;81.9;0.0;218.5;106.0;0.0;140.7;92.8;0.0;131.7;91.1;0.0;141.3;94.5;0.0;206.5;94.5;0.0;174.4;90.3;0.0;148.9;95.5;0.0;107.4;122.2;0.0;80.2;157.1;0.0;112.0;175.4;0.0;139.9;204.7;0.0;163.8;253.3;0.0;234.1;306.9;0.1;240.5;312.9;0.0
"553 Ilmvötn, hreinlætis-og snyrtivörur";1742.5;1584.3;0.9;1762.3;1508.8;0.7;1425.5;1730.3;0.8;1502.1;1672.2;0.8;1638.3;1737.0;0.8;1901.6;1930.1;0.7;2072.7;2057.8;0.7;2149.3;2452.0;0.6;2287.9;2509.2;0.6;1914.3;2823.2;0.5;1899.3;3393.6;0.8;1824.5;3206.3;0.7;2011.1;3404.3;0.6;1980.4;3438.4;0.6;2091.0;3618.4;0.6;2073.8;3814.9;0.6
"554 Sápa, hreinsunar- og fægiefni";3806.0;704.0;0.4;3959.1;730.2;0.4;3862.0;851.7;0.4;3941.0;820.8;0.4;4223.1;821.1;0.4;4911.6;945.1;0.4;5734.0;930.6;0.3;6012.8;1084.9;0.3;6616.8;1236.2;0.3;6164.7;1599.8;0.3;5838.2;1934.0;0.4;5421.1;1742.3;0.4;5261.4;1827.9;0.3;5078.3;1910.2;0.3;4958.0;1952.9;0.3;5274.7;2044.3;0.3
"562 Tilbúinn áburður, annar en í 272";28479.0;376.7;0.2;36655.7;481.2;0.2;40526.6;657.2;0.3;44842.3;687.9;0.3;37232.2;529.7;0.2;60066.8;921.2;0.4;42461.3;779.8;0.2;57128.8;1243.9;0.3;61329.9;1418.4;0.3;67015.7;3285.9;0.6;40939.4;2421.1;0.5;45606.2;2413.9;0.5;47193.3;2985.6;0.5;51394.1;3460.3;0.6;48107.9;3244.0;0.6;58336.0;3442.1;0.5
"571 Etylenfjölliður til úrvinnslu";7988.5;562.5;0.3;7997.2;621.2;0.3;8082.3;726.2;0.3;7347.4;594.9;0.3;8900.8;698.6;0.3;9022.7;797.1;0.3;9158.8;860.4;0.3;10337.3;1207.4;0.3;9240.6;1138.0;0.3;6127.1;1131.7;0.2;4815.8;955.0;0.2;5259.1;1169.2;0.2;5633.8;1375.6;0.2;5287.4;1357.9;0.2;5039.5;1312.9;0.2;5541.2;1349.7;0.2
"572 Styrenfjölliður til úrvinnslu";2069.3;159.4;0.1;2107.2;198.0;0.1;2142.8;237.8;0.1;2407.6;245.7;0.1;2351.3;232.5;0.1;3299.0;355.8;0.1;3461.7;363.7;0.1;3231.7;413.2;0.1;3657.5;513.2;0.1;2507.3;456.0;0.1;2328.2;444.4;0.1;1829.5;428.2;0.1;1589.8;416.7;0.1;1944.5;546.6;0.1;2325.5;686.0;0.1;2436.3;704.8;0.1
"573 Vinylklóríðfjölliður o.fl., til úrv.";871.3;56.0;0.0;856.1;66.7;0.0;782.8;49.6;0.0;679.4;41.9;0.0;802.9;51.8;0.0;865.5;64.5;0.0;647.7;46.0;0.0;866.9;74.3;0.0;868.8;75.4;0.0;478.3;65.7;0.0;239.7;39.4;0.0;221.9;42.6;0.0;292.2;55.1;0.0;423.4;76.7;0.0;247.8;43.8;0.0;367.1;69.1;0.0
"574 Pólýacetöt/-karbonöt o.fl., til úrv.";789.8;138.9;0.1;741.4;124.9;0.1;762.3;151.7;0.1;679.2;136.5;0.1;781.8;145.1;0.1;820.4;155.5;0.1;737.2;149.2;0.0;1216.4;244.4;0.1;1541.0;395.4;0.1;1008.5;351.7;0.1;882.3;306.4;0.1;729.6;286.9;0.1;608.9;293.6;0.1;657.6;325.0;0.1;463.0;262.0;0.0;576.5;297.2;0.0
"575 Önnur plastefni til úrvinnslu";2965.4;430.8;0.2;3208.1;451.8;0.2;2951.6;532.7;0.2;2752.1;510.4;0.2;2308.2;438.3;0.2;2641.6;499.9;0.2;3457.7;651.8;0.2;2346.4;581.3;0.1;2262.2;601.0;0.1;2232.7;762.2;0.1;1516.0;839.0;0.2;1640.5;844.1;0.2;1282.9;747.1;0.1;1487.1;887.1;0.1;1605.0;901.3;0.2;1732.9;1133.7;0.2
"579 Plastúrgangur, afklippur o.þ.h.";20.3;1.7;0.0;45.9;3.1;0.0;4.7;1.6;0.0;6.3;2.0;0.0;0.0;0.0;0.0;4.2;1.8;0.0;19.3;2.1;0.0;48.0;3.3;0.0;139.5;10.7;0.0;15.7;1.8;0.0;4.9;9.2;0.0;0.1;0.1;0.0;1.4;3.2;0.0;0.6;1.3;0.0;180.2;25.4;0.0;83.7;11.5;0.0
"581 Plastslöngur, -pípur og -hosur";881.4;487.8;0.3;1193.0;556.1;0.3;2271.4;913.3;0.4;1634.5;756.3;0.4;1802.3;808.0;0.4;1809.7;958.3;0.4;3804.1;1422.4;0.5;4372.3;1837.0;0.4;4029.8;1977.4;0.5;3718.2;2646.9;0.5;804.0;1060.4;0.2;968.3;1058.4;0.2;1470.7;1301.6;0.2;1198.4;1386.6;0.2;1176.9;1359.9;0.2;1549.8;1495.6;0.2
"582 Plastplötur, -stengur o.þ.h.";4216.9;1037.0;0.6;5093.5;1176.1;0.6;4671.5;1265.3;0.6;5143.2;1307.1;0.6;6214.2;1499.4;0.7;5332.1;1485.5;0.6;6275.7;1681.3;0.5;6821.8;2057.5;0.5;7649.7;2329.9;0.5;5632.5;2561.3;0.5;4296.4;2551.8;0.6;5815.4;2917.6;0.6;5562.4;3058.0;0.5;5945.1;3203.1;0.5;6192.6;3378.9;0.6;6948.9;3515.9;0.6
"583 Einþátt., stengur/prófílar, úr plasti";175.6;73.6;0.0;188.1;77.6;0.0;166.0;82.0;0.0;171.0;85.5;0.0;184.1;63.5;0.0;208.5;81.8;0.0;267.8;88.6;0.0;288.1;116.8;0.0;337.9;126.3;0.0;221.0;117.7;0.0;151.2;113.5;0.0;128.4;100.2;0.0;144.4;130.8;0.0;127.5;139.1;0.0;177.2;147.7;0.0;196.9;165.0;0.0
"591 Sótthreinsir, skordýraeitur o.fl.";136.2;64.8;0.0;180.8;68.2;0.0;133.9;82.5;0.0;166.8;90.0;0.0;185.6;80.4;0.0;210.9;81.5;0.0;235.7;91.1;0.0;210.3;85.2;0.0;182.7;85.2;0.0;180.7;116.2;0.0;135.5;150.4;0.0;88.0;106.5;0.0;133.3;132.8;0.0;136.9;151.5;0.0;121.6;115.8;0.0;141.6;120.2;0.0
"592 Sterkja, hveitiglúten, lím o.þ.h.";1508.9;219.6;0.1;1639.0;225.9;0.1;1641.5;264.3;0.1;1451.0;241.8;0.1;1458.0;259.8;0.1;1466.1;281.1;0.1;1664.4;280.8;0.1;1625.6;322.8;0.1;1769.4;356.5;0.1;1679.4;424.2;0.1;1461.9;485.7;0.1;1176.3;416.7;0.1;1170.5;444.8;0.1;1147.1;463.7;0.1;1147.0;448.0;0.1;1238.1;470.7;0.1
"593 Sprengiefni og flugeldavörur";974.6;224.0;0.1;495.4;138.9;0.1;610.0;181.6;0.1;847.1;169.2;0.1;2215.3;410.2;0.2;2514.9;422.7;0.2;2458.2;399.2;0.1;2440.6;432.9;0.1;1988.8;366.8;0.1;1371.5;533.5;0.1;697.3;365.7;0.1;568.3;300.8;0.1;679.1;434.0;0.1;841.2;530.1;0.1;656.2;421.1;0.1;696.5;500.1;0.1
"597 Sleipiefni, smurefni, frostlögur o.fl.";1150.9;155.2;0.1;1213.8;177.3;0.1;1062.5;189.6;0.1;1049.0;184.9;0.1;988.0;177.4;0.1;1171.2;201.3;0.1;1234.4;206.1;0.1;1257.9;233.6;0.1;1580.7;273.3;0.1;1637.1;340.6;0.1;1044.6;396.2;0.1;1161.8;495.6;0.1;1321.2;548.3;0.1;1429.6;670.9;0.1;1540.8;680.9;0.1;1970.2;732.2;0.1
"598 Ýmsar kemískar afurðir ót.a.";10422.2;1079.3;0.6;13495.8;1310.9;0.6;13234.1;2449.5;1.1;9989.9;1998.4;1.0;11664.6;1464.9;0.7;12786.9;1657.3;0.6;16916.9;1826.8;0.6;32088.4;2898.4;0.7;23553.7;3532.6;0.8;21609.6;4082.1;0.8;14363.1;3500.1;0.8;11348.0;3736.0;0.8;13233.0;4021.5;0.7;13169.0;3227.8;0.5;16007.6;4690.1;0.8;22511.6;6955.0;1.1
"599 Kemiskur úrgangur; sorp, skolpdreggjar";0.0;0.0;0.0;0.0;0.0;0.0;0.0;0.0;0.0;0.5;1.4;0.0;0.7;1.3;0.0;0.6;0.9;0.0;0.6;0.7;0.0;0.2;0.3;0.0;0.7;0.7;0.0;0.1;0.1;0.0;0.0;0.2;0.0;0.0;0.1;0.0;0.0;0.1;0.0;14.1;1.2;0.0;0.0;0.0;0.0;0.0;0.0;0.0
"611 Leður";567.4;50.2;0.0;30.3;40.9;0.0;34.5;43.8;0.0;23.6;36.8;0.0;16.4;46.0;0.0;18.6;46.9;0.0;41.6;50.8;0.0;26.8;55.4;0.0;30.2;65.9;0.0;33.6;75.2;0.0;16.4;53.5;0.0;20.1;58.9;0.0;29.2;68.1;0.0;27.7;65.7;0.0;21.4;64.0;0.0;22.9;61.5;0.0
"612 Vörur úr leðri og samsettu leðri";25.8;49.5;0.0;40.9;59.7;0.0;26.4;55.2;0.0;29.8;54.8;0.0;31.5;60.4;0.0;41.5;82.8;0.0;63.2;115.9;0.0;66.0;156.9;0.0;81.8;169.8;0.0;53.3;156.8;0.0;35.8;136.0;0.0;40.6;127.2;0.0;35.0;141.9;0.0;46.4;148.9;0.0;44.7;130.7;0.0;37.7;134.5;0.0
"613 Loðskinn, sútuð eða unnin";3.2;3.7;0.0;4.6;10.3;0.0;6.2;6.3;0.0;6.5;9.8;0.0;9.5;7.6;0.0;12.0;8.8;0.0;13.4;12.8;0.0;14.1;15.3;0.0;19.8;25.6;0.0;8.7;18.8;0.0;10.2;18.6;0.0;12.9;28.1;0.0;12.1;29.4;0.0;28.0;60.4;0.0;15.8;35.7;0.0;13.0;34.8;0.0
"621 Gúmmíefni til iðnaðarframleiðslu";707.3;245.1;0.1;771.5;244.4;0.1;583.2;238.3;0.1;540.0;229.9;0.1;826.7;266.9;0.1;1143.4;342.7;0.1;1225.0;314.6;0.1;1228.7;380.7;0.1;1682.6;473.1;0.1;1353.0;484.0;0.1;717.8;478.9;0.1;667.9;422.6;0.1;620.4;430.9;0.1;595.8;469.5;0.1;571.7;461.4;0.1;693.3;499.7;0.1
"625 Hjólbarðar, slöngur o.fl.";3569.6;1076.4;0.6;3952.6;1075.7;0.5;3018.9;1068.3;0.5;2957.8;1017.4;0.5;3636.3;1311.7;0.6;4475.3;1628.3;0.6;5865.6;1949.6;0.6;5319.5;2041.5;0.5;5253.2;2148.3;0.5;4139.9;2342.4;0.5;2243.7;1663.2;0.4;3524.4;2458.3;0.5;4200.3;3336.1;0.6;4240.8;3495.0;0.6;3825.7;3152.9;0.5;4756.0;3567.9;0.6
"629 Aðrar gúmmívörur";1110.0;439.3;0.2;1015.0;416.1;0.2;704.8;409.4;0.2;868.9;434.1;0.2;1013.7;482.2;0.2;1262.2;579.7;0.2;1659.5;607.0;0.2;1517.2;698.3;0.2;1229.2;672.7;0.2;1085.5;787.8;0.2;878.4;796.4;0.2;681.3;827.5;0.2;742.6;871.5;0.2;848.8;1009.1;0.2;958.3;1052.4;0.2;979.0;1054.8;0.2
"633 Korkvörur";67.3;20.0;0.0;97.0;26.9;0.0;76.3;23.3;0.0;59.8;18.7;0.0;77.6;24.7;0.0;83.0;23.6;0.0;149.1;31.9;0.0;102.1;31.6;0.0;159.9;41.6;0.0;90.1;39.3;0.0;62.6;37.1;0.0;36.0;22.3;0.0;39.8;24.7;0.0;42.4;30.5;0.0;46.0;27.8;0.0;53.4;30.6;0.0
"634 Spónn, krossviður, spónaplötur";17596.6;906.8;0.5;19990.6;945.4;0.5;17840.4;1068.4;0.5;18060.0;1044.4;0.5;20389.1;1143.2;0.5;21465.1;1236.7;0.5;25387.6;1403.1;0.4;23908.7;1599.4;0.4;25416.7;1723.3;0.4;19817.1;1863.4;0.4;12965.6;1629.5;0.4;13786.0;1831.2;0.4;12434.5;1518.5;0.3;13375.3;1742.2;0.3;14551.9;1888.7;0.3;16197.5;2191.5;0.3
"635 Unnar vörur úr trjáviði";6036.1;1277.1;0.7;6054.7;1287.6;0.6;5711.2;1453.1;0.7;5349.4;1279.7;0.6;6372.9;1453.4;0.7;7861.7;1984.6;0.8;11622.1;2299.1;0.7;11329.7;2892.9;0.7;13424.1;3792.3;0.9;8576.8;3176.4;0.6;4124.6;1523.1;0.3;4224.5;1295.3;0.3;4831.7;1515.8;0.3;4864.8;1868.8;0.3;4078.8;1752.1;0.3;4773.5;1932.4;0.3
"641 Pappír og pappi";32129.7;2180.2;1.2;29893.4;2163.4;1.1;30185.4;2447.3;1.1;33440.2;2700.3;1.3;36061.5;2669.0;1.2;38178.5;2794.6;1.1;40457.6;2676.6;0.9;41586.7;3073.2;0.7;39377.5;2834.1;0.7;33689.7;3296.0;0.6;26290.5;3535.6;0.8;28718.1;3877.7;0.8;31369.2;4343.6;0.8;28177.2;4130.9;0.7;27359.8;4056.3;0.7;29072.4;3890.9;0.6
"642 Pappírs- og pappavörur";14587.7;2368.3;1.3;14801.5;2419.1;1.2;13288.1;2711.7;1.2;13085.1;2748.0;1.3;13727.0;2737.4;1.3;15350.9;2921.2;1.1;17049.5;2897.5;0.9;16294.4;3382.1;0.8;16586.6;3607.3;0.8;15025.8;4759.6;0.9;14574.7;5867.1;1.3;16586.8;5726.0;1.2;16298.9;5839.5;1.0;17912.8;6395.1;1.1;18276.9;6601.9;1.1;18451.4;6465.9;1.0
"651 Spunagarn";450.8;340.9;0.2;349.6;321.2;0.2;385.5;385.7;0.2;353.7;437.5;0.2;341.0;434.3;0.2;357.8;486.3;0.2;125.6;147.1;0.0;108.5;154.1;0.0;131.2;183.4;0.0;154.8;236.3;0.0;204.9;463.3;0.1;179.4;425.9;0.1;99.6;340.1;0.1;129.0;354.5;0.1;121.0;394.0;0.1;178.0;408.4;0.1
"652 Baðmullarvefnaður";216.4;193.9;0.1;178.3;172.9;0.1;178.1;183.7;0.1;164.2;162.5;0.1;163.5;148.0;0.1;146.0;134.4;0.1;121.6;113.8;0.0;143.3;133.1;0.0;112.6;92.1;0.0;100.1;98.9;0.0;76.4;114.1;0.0;64.8;104.6;0.0;76.7;125.9;0.0;55.0;98.9;0.0;45.7;90.3;0.0;50.2;94.0;0.0
"653 Vefnaður úr tilbúnum trefjum";173.2;224.9;0.1;151.0;211.2;0.1;123.5;189.3;0.1;117.6;171.6;0.1;122.1;172.4;0.1;144.7;174.8;0.1;141.1;164.6;0.1;137.6;155.0;0.0;118.4;147.2;0.0;113.2;160.0;0.0;62.6;153.9;0.0;117.0;186.2;0.0;135.3;206.0;0.0;89.2;184.1;0.0;99.7;185.9;0.0;106.9;196.9;0.0
"654 Vefnaður úr öðrum efnum ót.a.";115.8;70.7;0.0;120.4;64.2;0.0;61.4;74.3;0.0;102.2;64.7;0.0;76.9;62.4;0.0;403.9;112.4;0.0;151.2;84.2;0.0;129.9;82.3;0.0;160.7;116.5;0.0;126.4;123.5;0.0;63.6;118.7;0.0;72.9;110.8;0.0;74.9;119.9;0.0;89.0;123.1;0.0;54.7;120.6;0.0;300.4;183.6;0.0
"655 Prjónavoð og heklvoð";95.7;111.2;0.1;100.7;97.3;0.0;66.8;76.6;0.0;41.6;69.6;0.0;64.0;68.3;0.0;44.4;57.0;0.0;61.5;60.6;0.0;45.8;59.1;0.0;67.8;72.8;0.0;53.1;136.5;0.0;76.6;193.8;0.0;77.9;187.6;0.0;66.8;190.9;0.0;76.1;204.6;0.0;103.8;242.3;0.0;105.7;212.9;0.0
"656 Tyll, blúndur, borðar o.þ.h.";65.9;89.6;0.0;52.2;78.9;0.0;53.6;84.0;0.0;40.5;63.8;0.0;47.9;71.1;0.0;53.5;73.5;0.0;67.2;78.3;0.0;52.4;81.4;0.0;49.0;86.7;0.0;28.9;81.0;0.0;28.8;96.2;0.0;33.0;91.1;0.0;34.9;104.0;0.0;36.9;103.1;0.0;39.7;120.0;0.0;34.0;96.8;0.0
"657 Sérunnið garn og sérofnar vörur";3274.9;1603.1;0.9;3233.4;1533.0;0.8;2909.1;1616.7;0.7;2900.2;1568.3;0.8;2612.4;1303.1;0.6;2857.1;1349.8;0.5;3333.8;1561.8;0.5;2482.8;1493.4;0.3;2681.6;1618.2;0.4;2121.9;1704.6;0.3;1870.3;2074.9;0.5;2108.8;2304.7;0.5;2306.3;2516.4;0.4;2418.8;2877.3;0.5;1970.4;2378.5;0.4;2099.4;2363.9;0.4
"658 Tilbúnir munir úr spunaefnum ót.a.";1311.7;713.3;0.4;1465.6;772.1;0.4;1612.1;849.8;0.4;1488.1;744.7;0.4;1970.9;894.2;0.4;1906.7;922.6;0.4;2232.2;1034.9;0.3;2217.5;1162.4;0.3;2265.1;1247.6;0.3;1871.9;1424.0;0.3;1515.0;1319.4;0.3;1773.4;1509.5;0.3;1736.4;1718.1;0.3;2255.0;1833.4;0.3;1885.9;1939.1;0.3;2031.7;2292.0;0.4
"659 Gólfdúkur og gólfteppi";1033.0;318.5;0.2;1034.1;282.4;0.1;935.5;312.6;0.1;1205.5;271.2;0.1;1067.1;280.7;0.1;901.8;294.5;0.1;1035.6;316.1;0.1;1117.5;413.5;0.1;1240.1;414.8;0.1;822.6;407.8;0.1;626.0;404.6;0.1;720.5;399.0;0.1;546.5;379.8;0.1;616.6;430.5;0.1;643.0;452.7;0.1;682.9;467.3;0.1
"661 Kalk, sement og bygg.efni ót.a.";7655.5;149.8;0.1;28599.7;265.2;0.1;32302.3;398.6;0.2;38215.9;359.8;0.2;60739.0;508.9;0.2;97005.9;745.5;0.3;136371.1;1036.2;0.3;218718.6;1755.5;0.4;191819.4;1716.4;0.4;117848.4;1549.3;0.3;41383.4;985.1;0.2;30679.4;657.2;0.1;28749.3;746.5;0.1;66993.2;1260.4;0.2;85380.8;1514.2;0.3;98714.0;1539.9;0.2
"662 Bygg.efni úr leir og eldföstum efnum";6752.5;394.8;0.2;8028.7;479.6;0.2;9842.8;668.0;0.3;8465.0;564.6;0.3;9200.5;614.7;0.3;10447.4;705.8;0.3;18552.0;1060.7;0.3;28170.3;1749.8;0.4;20410.1;1418.6;0.3;12348.3;1284.2;0.2;8035.9;979.6;0.2;8991.4;1026.9;0.2;12344.3;1443.7;0.3;11150.7;1412.4;0.2;11074.2;1547.0;0.3;12813.6;1610.8;0.3
"663 Vörur úr steinkenndum jarðefnum";9654.5;499.9;0.3;10739.6;501.9;0.2;14461.1;706.1;0.3;11406.2;617.0;0.3;13005.6;624.8;0.3;14812.2;704.6;0.3;19387.2;786.8;0.3;24655.1;1135.4;0.3;26945.7;1524.2;0.4;19492.8;1557.0;0.3;8972.7;1238.6;0.3;8993.1;1451.3;0.3;9920.2;1893.9;0.3;13388.2;1651.4;0.3;10604.3;1378.3;0.2;10708.6;1204.2;0.2
"664 Gler";4642.5;442.5;0.2;4947.1;520.0;0.3;5328.2;625.0;0.3;4574.5;562.8;0.3;5242.7;620.2;0.3;5464.1;690.0;0.3;6404.0;824.4;0.3;7283.3;1165.5;0.3;8184.7;1469.2;0.3;6810.2;1755.1;0.3;4557.7;1350.8;0.3;4298.7;1509.1;0.3;4234.2;1303.7;0.2;3756.6;1188.3;0.2;4032.9;1234.2;0.2;4047.1;1251.8;0.2
"665 Glervörur";3491.8;462.3;0.3;3677.1;439.0;0.2;3498.5;516.7;0.2;3664.8;500.9;0.2;4577.1;585.5;0.3;4536.5;636.3;0.2;4626.8;609.0;0.2;5198.2;777.3;0.2;5341.6;848.7;0.2;4912.2;1097.2;0.2;4319.2;1130.9;0.3;4401.6;1143.2;0.2;4396.9;1156.2;0.2;4362.9;1135.0;0.2;4761.0;1213.3;0.2;5315.5;1276.6;0.2
"666 Leirvörur";633.0;272.7;0.1;676.7;307.8;0.2;666.0;331.8;0.2;562.0;272.8;0.1;609.2;299.6;0.1;750.4;336.8;0.1;980.8;359.6;0.1;803.8;359.8;0.1;852.9;401.0;0.1;548.3;397.3;0.1;381.3;356.5;0.1;444.1;384.1;0.1;396.5;396.2;0.1;353.3;376.7;0.1;407.1;438.9;0.1;462.6;526.2;0.1
"667 Perlur, eðal- og hálfeðalsteinar";1.2;13.6;0.0;0.7;14.0;0.0;0.5;14.9;0.0;0.6;18.9;0.0;0.1;15.6;0.0;0.5;18.6;0.0;1.5;33.0;0.0;2.9;33.1;0.0;3.8;47.4;0.0;2.9;35.3;0.0;4.6;30.1;0.0;9.6;29.1;0.0;2.6;23.0;0.0;2.5;22.3;0.0;1.8;23.4;0.0;1.2;21.6;0.0
"671 Hrá-/spegiljárn o.þ.h.; járnblendi";392.6;12.9;0.0;384.0;12.5;0.0;956.3;29.3;0.0;681.8;21.1;0.0;685.4;23.6;0.0;743.5;27.1;0.0;1254.0;47.8;0.0;1697.4;82.7;0.0;694.2;39.1;0.0;1357.9;133.2;0.0;7173.1;293.5;0.1;8476.0;284.9;0.1;1234.8;176.1;0.0;1863.0;272.5;0.0;1163.9;163.1;0.0;2230.9;226.4;0.0
"672 Járn-/stálhleifar; hálfunnar vörur";38.7;2.6;0.0;40.0;2.7;0.0;133.7;7.3;0.0;60.3;4.2;0.0;599.6;28.4;0.0;304.8;16.7;0.0;2568.4;211.9;0.1;1646.5;101.8;0.0;2931.1;227.7;0.1;1359.5;222.2;0.0;1527.2;249.0;0.1;632.7;92.3;0.0;964.6;124.4;0.0;307.7;42.5;0.0;380.4;61.6;0.0;117.0;36.4;0.0
"673 Flatv. vörur úr járni/óbl. stáli";6778.3;286.5;0.2;6723.3;315.8;0.2;5946.4;344.0;0.2;5846.4;308.8;0.1;6371.1;350.3;0.2;5576.9;396.1;0.2;7506.4;505.6;0.2;6547.5;522.9;0.1;6051.2;530.3;0.1;4974.7;824.4;0.2;4103.1;601.6;0.1;4434.2;638.4;0.1;3989.1;686.7;0.1;4249.2;681.1;0.1;3840.0;602.4;0.1;4495.4;627.2;0.1
"674 Flatv., húðaðar járn-/stálvörur";7328.8;491.7;0.3;7379.7;483.1;0.2;5588.1;417.8;0.2;5336.3;368.8;0.2;6181.5;418.6;0.2;9231.9;587.5;0.2;7670.4;569.7;0.2;7182.7;741.0;0.2;5918.9;636.3;0.1;5749.0;910.6;0.2;3229.2;574.9;0.1;3755.2;685.9;0.1;3737.8;831.1;0.1;4186.2;817.3;0.1;3954.0;741.6;0.1;4097.4;687.4;0.1
"675 Flatvalsaðar vörur úr stálblendi";1563.8;198.0;0.1;1427.9;223.8;0.1;1488.8;242.4;0.1;1548.7;262.2;0.1;2096.1;309.4;0.1;2783.6;449.3;0.2;2599.0;401.6;0.1;3197.6;578.0;0.1;2740.7;620.6;0.1;1742.8;560.9;0.1;1411.2;521.9;0.1;1531.6;705.4;0.1;1380.1;729.0;0.1;1409.1;680.9;0.1;1598.7;699.8;0.1;1770.2;734.7;0.1
"676 Járn- og stálstengur o.fl.; þilstál";25605.0;761.9;0.4;33718.6;984.3;0.5;33946.9;1174.2;0.5;19486.9;723.6;0.3;28972.1;1003.2;0.5;41371.9;1926.7;0.7;56791.5;2441.1;0.8;69826.7;3818.4;0.9;65422.8;4152.2;1.0;48767.0;4875.0;0.9;18120.8;2691.8;0.6;15831.4;2742.7;0.6;19935.0;2882.4;0.5;19159.3;2663.9;0.4;19192.4;2503.8;0.4;22196.2;2409.5;0.4
"677 Brautarteinar o.þ.h., úr járni/stáli";29.6;7.2;0.0;69.4;8.0;0.0;15.6;2.4;0.0;0.2;0.5;0.0;340.1;17.0;0.0;2340.1;130.8;0.1;1952.4;194.5;0.1;2023.7;160.6;0.0;118.6;19.5;0.0;79.3;12.4;0.0;0.0;0.1;0.0;4.2;1.9;0.0;73.6;11.2;0.0;22.9;7.5;0.0;0.2;0.2;0.0;755.4;130.4;0.0
"678 Vír úr járni eða stáli";431.9;40.0;0.0;426.1;47.1;0.0;383.7;45.3;0.0;410.4;51.5;0.0;592.3;52.6;0.0;2405.3;206.3;0.1;2668.0;197.6;0.1;1904.3;199.0;0.0;2287.7;349.5;0.1;698.9;139.6;0.0;331.4;74.3;0.0;567.8;110.8;0.0;604.5;132.2;0.0;1082.8;242.8;0.0;998.4;197.2;0.0;1051.0;183.2;0.0
"679 Pípur og pípuhl. úr járni/stáli";12141.8;1289.0;0.7;9838.3;1175.5;0.6;9378.8;1236.5;0.6;8277.6;1181.5;0.6;12297.8;1612.6;0.7;13334.1;1809.1;0.7;17478.3;2320.5;0.7;16150.1;2964.3;0.7;25196.1;4302.1;1.0;24270.7;5819.5;1.1;7501.9;2828.6;0.6;4259.2;1644.9;0.3;5067.5;1919.3;0.3;7322.8;2469.5;0.4;4928.6;1795.4;0.3;5816.8;2084.7;0.3
"681 Silfur, platína og platínumálmar";0.7;24.1;0.0;1.0;29.3;0.0;0.8;35.0;0.0;0.6;26.3;0.0;0.7;23.7;0.0;0.9;29.5;0.0;0.9;29.4;0.0;0.8;30.6;0.0;2.4;44.4;0.0;1.0;43.2;0.0;1.3;59.1;0.0;1.0;64.2;0.0;0.9;60.9;0.0;0.9;44.2;0.0;0.6;35.8;0.0;0.6;36.6;0.0
"682 Kopar";259.2;171.0;0.1;311.3;193.9;0.1;264.0;228.9;0.1;337.6;258.0;0.1;309.4;251.3;0.1;425.5;283.5;0.1;2120.9;493.2;0.2;4901.3;893.9;0.2;576.3;555.9;0.1;272.1;475.1;0.1;190.9;405.0;0.1;217.1;428.3;0.1;256.4;472.4;0.1;304.4;550.6;0.1;266.3;471.9;0.1;312.7;508.0;0.1
"683 Nikkill";1.3;1.1;0.0;0.4;0.5;0.0;1.1;1.2;0.0;0.7;1.0;0.0;0.6;0.8;0.0;0.7;1.3;0.0;0.7;1.2;0.0;0.9;2.0;0.0;14.5;63.1;0.0;11.0;56.3;0.0;3.2;9.7;0.0;4.4;27.1;0.0;4.9;15.9;0.0;8.8;68.6;0.0;20.6;131.2;0.0;16.2;44.9;0.0
"684 Ál";4048.2;1030.5;0.6;6840.3;1497.1;0.7;5182.9;1544.2;0.7;24800.0;3883.3;1.9;17525.3;2690.3;1.2;12352.6;2363.4;0.9;11499.5;3351.9;1.1;19573.7;6283.4;1.5;7106.3;2483.4;0.6;4541.8;2525.5;0.5;4130.9;2535.1;0.6;10928.0;7243.1;1.5;11461.3;11865.1;2.1;5683.9;8444.7;1.4;6578.9;9743.7;1.7;12034.0;10538.3;1.7
"685 Blý";93.5;5.6;0.0;98.3;5.9;0.0;160.9;11.3;0.0;72.0;5.0;0.0;67.4;3.9;0.0;47.5;4.2;0.0;2.1;0.4;0.0;10.7;1.9;0.0;7.4;2.3;0.0;1.6;1.0;0.0;0.0;0.0;0.0;4.8;2.4;0.0;6.2;5.0;0.0;6.6;4.9;0.0;6.5;5.3;0.0;5.6;3.5;0.0
"686 Sink";223.1;25.1;0.0;274.6;38.2;0.0;286.4;39.2;0.0;162.4;19.6;0.0;286.9;30.2;0.0;265.6;32.3;0.0;264.5;29.5;0.0;340.2;95.1;0.0;245.0;75.1;0.0;241.1;67.7;0.0;216.2;81.5;0.0;460.9;158.9;0.0;742.9;300.8;0.1;146.8;57.3;0.0;203.0;72.9;0.0;226.6;79.2;0.0
"687 Tin";3.6;2.3;0.0;3.9;2.4;0.0;3.3;2.5;0.0;2.6;2.0;0.0;2.7;2.1;0.0;2.7;2.2;0.0;3.7;2.0;0.0;2.8;2.3;0.0;2.2;2.6;0.0;1.5;2.1;0.0;2.1;4.3;0.0;1.7;3.1;0.0;1.8;3.4;0.0;1.4;3.6;0.0;1.1;2.0;0.0;1.4;3.0;0.0
"689 Ódýrir málmar til bræðslu";140.5;29.3;0.0;130.9;20.7;0.0;192.8;38.1;0.0;186.2;43.8;0.0;333.5;69.7;0.0;380.0;78.5;0.0;317.9;50.6;0.0;279.5;59.7;0.0;598.3;119.7;0.0;997.9;550.0;0.1;732.2;271.5;0.1;3967.5;1326.4;0.3;5009.7;1986.5;0.4;1059.2;521.5;0.1;3898.5;827.9;0.1;1421.1;534.3;0.1
"691 Mannvirki og hlutar úr járni/stáli/áli";11574.9;2135.9;1.2;13756.1;2527.7;1.2;13560.3;3288.8;1.5;10349.6;2163.5;1.0;10974.8;2174.4;1.0;14938.7;3079.7;1.2;42598.7;6822.8;2.2;34981.2;8423.6;1.9;26605.3;7937.2;1.8;19583.5;7709.8;1.5;6667.8;3342.3;0.7;3623.5;1778.6;0.4;4086.4;1919.7;0.3;4369.4;2254.2;0.4;4365.9;2617.8;0.4;4797.9;2562.5;0.4
"692 Gámar og málmílát til geymslu/flutn.";1236.3;437.1;0.2;4214.9;814.5;0.4;1928.0;681.1;0.3;1149.3;434.4;0.2;1831.0;644.8;0.3;1617.1;636.3;0.2;11823.4;2265.7;0.7;3848.8;1477.1;0.3;7096.8;1846.9;0.4;3088.7;1502.9;0.3;1693.0;1503.8;0.3;2579.3;1804.3;0.4;3194.0;2132.7;0.4;3490.3;2102.3;0.4;3833.9;2734.0;0.5;3203.5;2153.8;0.3
"693 Vörur úr vír; girðingarnet";4679.9;619.4;0.3;4683.9;515.6;0.3;4348.2;589.3;0.3;4835.2;607.6;0.3;4833.1;579.9;0.3;4517.3;627.8;0.2;9700.3;1269.9;0.4;10087.8;1436.8;0.3;7045.6;1004.5;0.2;4725.3;1130.2;0.2;3470.1;1012.3;0.2;2822.7;826.2;0.2;3308.7;1017.8;0.2;3232.5;1055.3;0.2;3487.1;1037.0;0.2;3425.3;927.8;0.1
"694 Naglar, skrúfur, boltar o.þ.h.";1611.8;543.9;0.3;1574.4;569.8;0.3;1395.0;611.2;0.3;1178.6;544.3;0.3;1566.6;604.5;0.3;2079.6;769.2;0.3;3099.8;1061.5;0.3;3065.8;1346.7;0.3;2943.3;1388.5;0.3;1858.7;1308.8;0.3;880.4;930.4;0.2;1243.0;1190.2;0.2;971.8;1007.2;0.2;1263.9;1214.6;0.2;1131.5;1098.4;0.2;1406.1;1198.0;0.2
"695 Hand- og skiptiverkfæri í vélar";734.5;767.1;0.4;693.8;753.4;0.4;593.9;748.2;0.3;593.3;757.0;0.4;718.9;848.0;0.4;916.2;1085.1;0.4;1207.2;1215.7;0.4;1237.0;1477.7;0.3;1383.8;1752.0;0.4;955.2;1693.9;0.3;481.9;1165.4;0.3;583.2;1263.9;0.3;605.8;1479.3;0.3;888.5;1915.1;0.3;603.4;1571.8;0.3;695.7;1630.2;0.3
"696 Eggjárn og borðáhöld";167.1;206.4;0.1;197.9;237.9;0.1;202.3;274.6;0.1;212.0;269.0;0.1;238.0;286.3;0.1;255.2;309.8;0.1;311.9;336.7;0.1;256.4;358.9;0.1;289.2;508.4;0.1;222.6;389.0;0.1;194.1;516.5;0.1;163.1;423.4;0.1;155.4;452.1;0.1;177.5;525.8;0.1;174.1;485.8;0.1;203.9;499.2;0.1
"697 Búsáhöld úr ódýrum málmum";852.7;414.2;0.2;875.1;459.7;0.2;824.4;536.0;0.2;950.0;549.9;0.3;1191.6;631.4;0.3;1466.1;748.4;0.3;1722.3;844.6;0.3;2029.9;1025.2;0.2;1908.8;1153.8;0.3;1416.6;1072.8;0.2;688.8;759.3;0.2;869.5;891.3;0.2;837.2;967.5;0.2;914.9;1123.1;0.2;899.2;1119.7;0.2;953.0;1080.5;0.2
"699 Unnar vörur úr ódýrum málmum";4101.8;1758.5;1.0;4391.5;1857.0;0.9;7222.0;2873.9;1.3;3761.7;1883.4;0.9;4531.6;1999.4;0.9;5353.9;2422.9;0.9;5855.0;2763.7;0.9;7930.4;3864.9;0.9;7282.5;3817.5;0.9;11492.1;4486.7;0.9;3591.0;3806.4;0.9;3581.4;3794.2;0.8;5478.9;4795.5;0.9;4111.2;4327.3;0.7;3735.7;4427.4;0.8;4580.5;4784.6;0.8
"711 Gufu- og háhitakatlar o.þ.h.";98.7;43.6;0.0;34.6;21.2;0.0;57.1;65.5;0.0;21.5;28.4;0.0;119.0;160.3;0.1;13.6;15.3;0.0;195.5;66.3;0.0;40.4;39.6;0.0;24.8;36.0;0.0;20.4;40.4;0.0;20.4;77.3;0.0;10.0;38.0;0.0;13.9;69.4;0.0;93.9;132.3;0.0;72.9;114.4;0.0;16.3;68.8;0.0
"712 Gufuaflshverflar og hlutar ót.a.";284.2;509.6;0.3;0.1;3.4;0.0;5.2;24.3;0.0;2.5;2.5;0.0;6.1;21.4;0.0;1.6;8.8;0.0;755.3;1569.7;0.5;642.5;1548.1;0.4;653.8;1409.6;0.3;625.0;1690.1;0.3;13.6;165.6;0.0;921.4;4387.2;0.9;101.4;135.3;0.0;16.2;98.4;0.0;49.4;195.7;0.0;0.8;20.4;0.0
"713 Strokkhreyflar og hlutar þeirra";455.4;774.2;0.4;351.6;659.4;0.3;296.3;720.9;0.3;275.7;706.6;0.3;295.2;696.8;0.3;401.4;911.8;0.4;357.3;831.7;0.3;334.6;868.2;0.2;407.0;1083.7;0.3;273.1;1106.2;0.2;196.7;1249.0;0.3;244.4;1542.6;0.3;311.8;1867.5;0.3;294.1;1853.8;0.3;266.7;1688.5;0.3;300.9;1676.9;0.3
"714 Aflvélar og hreyflar, órafknúnir";23.6;149.7;0.1;43.4;597.1;0.3;23.5;184.1;0.1;35.5;428.0;0.2;25.3;298.4;0.1;34.4;731.7;0.3;25.8;266.5;0.1;17.9;312.7;0.1;39.0;817.3;0.2;60.6;1681.6;0.3;89.2;1602.1;0.4;206.4;623.6;0.1;53.9;1628.8;0.3;37.3;1666.7;0.3;39.3;1339.7;0.2;60.4;1854.2;0.3
"716 Rafalar og rafhreyflar og hlutar";432.4;448.0;0.2;669.1;783.6;0.4;1024.8;898.3;0.4;293.4;444.4;0.2;750.6;713.7;0.3;538.7;558.0;0.2;1025.9;768.8;0.2;4420.0;4972.0;1.2;1443.4;1583.3;0.4;609.0;1323.0;0.3;193.6;728.7;0.2;213.0;650.7;0.1;613.0;1164.5;0.2;354.6;941.0;0.2;1198.2;1758.4;0.3;345.0;1138.1;0.2
"718 Aflvélar og hlutar í þær ót.a.";2814.1;2307.4;1.3;481.6;1232.4;0.6;391.5;667.2;0.3;293.2;314.1;0.2;104.8;304.1;0.1;189.0;337.3;0.1;255.9;408.2;0.1;507.7;714.2;0.2;261.0;411.7;0.1;93.8;328.1;0.1;51.2;284.9;0.1;59.1;598.2;0.1;94.4;492.7;0.1;78.8;520.4;0.1;374.5;1307.1;0.2;92.9;546.8;0.1
"721 Landbúnaðarvélar og hlutar í þær";1827.0;951.5;0.5;1846.2;980.6;0.5;1228.4;819.5;0.4;1020.5;656.2;0.3;938.4;707.7;0.3;1288.4;948.8;0.4;1902.4;1308.2;0.4;2576.6;2041.6;0.5;2460.6;2031.1;0.5;1541.2;1702.3;0.3;334.8;634.3;0.1;467.1;642.7;0.1;1124.8;1594.7;0.3;1106.3;1454.9;0.2;1181.2;1781.1;0.3;1522.0;2226.3;0.4
"722 Dráttarvélar";1267.9;741.1;0.4;1227.4;748.2;0.4;602.5;438.2;0.2;399.0;284.7;0.1;543.8;387.4;0.2;776.4;564.9;0.2;1709.8;1142.8;0.4;1740.7;1359.6;0.3;1944.6;1627.5;0.4;668.3;773.0;0.2;112.0;176.4;0.0;95.8;134.9;0.0;263.4;360.4;0.1;615.2;999.6;0.2;722.7;1193.1;0.2;777.8;1175.0;0.2
"723 Vinnuvélar";4199.0;1961.8;1.1;4228.2;1900.1;0.9;3201.1;1824.1;0.8;2256.4;1250.1;0.6;9669.9;5625.3;2.6;10617.6;6683.9;2.6;11864.6;6320.2;2.0;14723.4;9437.1;2.2;14288.2;9567.2;2.2;5582.0;5819.0;1.1;946.2;1651.0;0.4;449.3;817.2;0.2;770.8;1316.7;0.2;3783.9;3781.2;0.6;1773.0;2121.5;0.4;2613.2;2717.1;0.4
"724 Vélar til spunaefna- og leðurvinnu";93.3;145.3;0.1;152.0;207.1;0.1;137.2;172.4;0.1;108.5;179.5;0.1;68.4;112.3;0.1;97.9;178.6;0.1;153.6;209.5;0.1;127.2;188.0;0.0;528.1;218.5;0.1;68.5;164.7;0.0;61.5;179.0;0.0;69.5;196.0;0.0;101.9;309.0;0.1;116.6;292.2;0.0;111.6;287.9;0.0;287.0;657.2;0.1
"725 Pappírsvinnsluvélar";53.2;71.8;0.0;25.2;31.9;0.0;14.4;28.4;0.0;66.7;69.5;0.0;141.1;107.8;0.0;79.1;85.2;0.0;48.3;77.2;0.0;41.1;76.2;0.0;34.4;53.3;0.0;14.1;47.0;0.0;3.7;12.9;0.0;59.1;83.3;0.0;83.1;66.8;0.0;35.5;107.0;0.0;10.3;41.2;0.0;23.4;59.7;0.0
"726 Prent- og bókbandsvélar";151.9;258.7;0.1;180.1;406.3;0.2;197.4;385.2;0.2;148.1;205.6;0.1;241.5;514.2;0.2;318.8;760.3;0.3;478.3;742.1;0.2;254.6;536.8;0.1;117.1;295.0;0.1;229.6;688.3;0.1;19.6;118.6;0.0;52.1;151.9;0.0;123.2;162.2;0.0;112.7;293.3;0.0;92.9;350.0;0.1;56.4;295.9;0.0
"727 Vélar til matvælaiðnaðar";363.0;900.6;0.5;329.4;656.1;0.3;301.8;677.6;0.3;451.3;753.9;0.4;327.1;770.7;0.4;619.4;1238.8;0.5;490.9;1064.7;0.3;422.2;1224.5;0.3;457.1;1224.7;0.3;463.5;1667.3;0.3;133.0;530.2;0.1;371.4;1062.2;0.2;275.8;1174.3;0.2;392.4;1892.8;0.3;376.0;1771.4;0.3;418.4;2085.3;0.3
"728 Aðrar vélar til sérstakra atvinnugr.";1708.3;1357.8;0.7;1904.7;1655.6;0.8;1285.3;1824.7;0.8;1793.5;1182.1;0.6;3960.0;1983.4;0.9;2537.1;1991.4;0.8;3046.5;2043.6;0.7;6440.9;5791.6;1.3;4045.5;3661.3;0.9;2047.7;3095.2;0.6;427.9;1533.6;0.3;501.8;2036.5;0.4;1093.4;2791.0;0.5;1028.7;2486.1;0.4;1417.2;2799.4;0.5;972.0;2268.0;0.4
"731 Vélar til smíða með efnistöku";207.6;187.0;0.1;239.6;121.0;0.1;536.0;330.7;0.1;125.4;180.8;0.1;120.6;115.5;0.1;358.5;270.5;0.1;166.4;188.8;0.1;214.0;349.3;0.1;201.4;219.8;0.1;170.8;335.0;0.1;65.1;90.5;0.0;157.4;339.0;0.1;123.1;234.2;0.0;187.8;448.7;0.1;157.8;369.5;0.1;216.2;676.1;0.1
"733 Vélar til smíða úr málmi o.þ.h.";345.1;202.5;0.1;346.0;156.4;0.1;86.1;104.0;0.0;111.8;62.4;0.0;140.1;91.8;0.0;81.1;77.3;0.0;287.0;230.0;0.1;410.4;369.8;0.1;441.6;402.5;0.1;210.7;202.5;0.0;44.9;61.3;0.0;102.7;94.3;0.0;45.4;67.0;0.0;155.2;386.0;0.1;104.5;237.9;0.0;149.1;232.3;0.0
"735 Hlutar og fylgihl. í vélar í 731 og 733";30.6;45.5;0.0;20.5;41.6;0.0;22.4;59.2;0.0;33.7;61.4;0.0;32.9;55.8;0.0;25.3;53.0;0.0;35.9;70.6;0.0;34.3;93.3;0.0;88.0;115.1;0.0;71.0;189.0;0.0;22.4;108.4;0.0;30.0;161.8;0.0;39.3;166.8;0.0;28.5;152.1;0.0;31.4;179.9;0.0;35.5;254.7;0.0
"737 Málmvinnsluvélar ót.a.";768.2;383.1;0.2;963.0;212.5;0.1;653.3;322.0;0.1;900.3;291.5;0.1;1102.0;257.3;0.1;459.0;150.4;0.1;396.0;224.7;0.1;550.0;643.4;0.1;656.9;454.0;0.1;546.3;507.7;0.1;527.9;371.9;0.1;220.5;357.5;0.1;181.0;610.6;0.1;113.7;356.1;0.1;130.8;361.6;0.1;219.4;472.1;0.1
"741 Hitunar-/kælitæki og hlutar ót.a.";2435.8;2024.9;1.1;1700.3;1449.1;0.7;1433.7;1518.0;0.7;1190.7;1191.8;0.6;1447.9;1431.6;0.7;1203.8;1475.5;0.6;2369.0;2003.7;0.6;16551.2;6125.4;1.4;3126.8;3388.1;0.8;2261.4;3922.2;0.8;609.9;1617.4;0.4;1604.6;5953.1;1.2;2034.2;3994.7;0.7;1527.1;3430.7;0.6;3542.2;4255.9;0.7;1200.2;3723.2;0.6
"742 Vökvadælur og vökvalyftur";432.8;688.1;0.4;416.4;633.3;0.3;453.0;760.0;0.3;367.0;696.7;0.3;377.6;687.2;0.3;511.3;829.0;0.3;741.8;1079.4;0.3;681.3;1216.6;0.3;692.7;1355.3;0.3;599.9;1458.2;0.3;368.6;1492.4;0.3;253.4;1180.0;0.2;324.2;1429.0;0.3;361.2;1628.0;0.3;346.6;1541.3;0.3;394.9;1580.7;0.3
"743 Dælur, loftþjöppur, rellur o.fl.";940.5;1202.7;0.7;1108.5;1048.0;0.5;1007.7;1261.9;0.6;894.5;1165.0;0.6;1050.1;1177.8;0.5;1169.2;1227.3;0.5;7201.1;3881.1;1.2;7198.5;5416.2;1.3;1809.7;2263.2;0.5;1264.8;2427.1;0.5;1052.0;2419.7;0.5;763.9;2153.1;0.5;929.6;2675.5;0.5;852.7;2309.7;0.4;929.9;2648.1;0.5;1205.4;3247.4;0.5
"744 Vinnuvélar og -tæki";4720.5;2015.1;1.1;5241.3;2125.5;1.0;4119.3;2168.8;1.0;2605.4;1652.9;0.8;4680.0;2169.7;1.0;8889.7;3356.4;1.3;15934.6;6888.0;2.2;15524.1;8845.0;2.0;11290.4;6947.1;1.6;5524.8;5001.9;1.0;1672.5;2437.0;0.5;1838.1;2808.2;0.6;3477.0;3492.1;0.6;4510.6;5622.2;0.9;4515.7;5201.3;0.9;4403.0;4792.2;0.8
"745 Aðrar órafknúnar vélar og tæki";682.2;1052.7;0.6;813.7;1132.7;0.6;850.8;1272.4;0.6;630.8;909.9;0.4;719.6;1247.5;0.6;1014.5;1782.3;0.7;1022.7;1439.3;0.5;1219.8;2069.6;0.5;1104.1;1701.2;0.4;802.8;1905.4;0.4;512.4;2009.9;0.5;479.1;1714.2;0.4;548.2;1695.3;0.3;658.7;2164.0;0.4;779.6;2368.8;0.4;690.4;2186.4;0.3
"746 Kúlu- eða keflalegur";90.5;182.8;0.1;83.8;166.9;0.1;70.8;182.1;0.1;87.1;194.3;0.1;103.4;211.0;0.1;106.1;216.2;0.1;115.9;216.7;0.1;100.0;220.9;0.1;128.7;300.9;0.1;85.2;293.3;0.1;82.0;397.8;0.1;94.7;420.9;0.1;112.3;513.7;0.1;123.6;556.3;0.1;131.1;503.1;0.1;148.7;518.6;0.1
"747 Kranar, hanar, lokar o.þ.h.";620.5;886.1;0.5;535.7;757.6;0.4;464.2;859.7;0.4;448.0;753.0;0.4;513.8;805.5;0.4;644.9;959.3;0.4;918.7;1128.4;0.4;913.6;1420.8;0.3;1287.4;1897.7;0.4;1018.1;2244.8;0.4;482.3;2010.5;0.5;408.7;1558.9;0.3;400.1;1649.2;0.3;437.5;1563.3;0.3;447.4;1640.0;0.3;486.8;1764.1;0.3
"748 Drif- og sveifarásar; gírkassar o.þ.h.";610.8;492.3;0.3;612.7;444.6;0.2;489.6;405.5;0.2;490.3;431.7;0.2;412.7;445.9;0.2;538.8;492.7;0.2;482.4;523.8;0.2;627.4;558.2;0.1;633.8;565.6;0.1;482.0;714.7;0.1;455.0;843.7;0.2;487.2;834.9;0.2;506.9;958.9;0.2;581.9;1132.8;0.2;569.5;1140.3;0.2;551.7;1162.8;0.2
"749 Vélahlutar og -bún., órafkn. ót.a.";260.5;322.2;0.2;261.8;307.6;0.2;95.2;248.8;0.1;111.1;306.2;0.1;176.6;310.6;0.1;293.9;389.0;0.1;337.4;326.9;0.1;217.8;378.9;0.1;245.0;349.8;0.1;377.1;637.3;0.1;273.4;599.4;0.1;139.6;474.7;0.1;217.0;1208.4;0.2;134.4;661.4;0.1;126.0;781.2;0.1;100.7;558.9;0.1
"751 Skrifstofuvélar";209.2;590.6;0.3;182.9;462.8;0.2;148.5;487.3;0.2;133.1;422.9;0.2;239.4;537.2;0.2;715.9;1503.0;0.6;294.9;684.3;0.2;287.8;794.4;0.2;454.6;1218.5;0.3;294.2;1069.7;0.2;140.7;769.8;0.2;209.0;969.0;0.2;253.2;1107.8;0.2;235.0;1370.5;0.2;277.3;1562.5;0.3;251.5;1277.1;0.2
"752 Tölvur, tölvubúnaður og einingar";925.7;5812.4;3.2;594.1;7118.7;3.5;629.9;6294.3;2.8;713.4;6168.1;3.0;773.8;6276.7;2.9;876.0;7054.3;2.7;982.1;7465.7;2.4;969.8;7692.7;1.8;911.3;8361.4;1.9;572.3;6373.5;1.2;373.7;5675.5;1.3;492.9;7227.4;1.5;532.4;9195.1;1.6;500.9;8837.0;1.5;531.6;10787.9;1.8;689.8;12347.3;2.0
"759 Hlutar í skrifstofuvélar og tölvur";127.1;864.9;0.5;95.7;916.2;0.5;121.8;1102.9;0.5;156.8;1135.0;0.5;149.7;1032.1;0.5;181.7;1159.3;0.4;235.7;1558.7;0.5;204.7;1571.0;0.4;228.0;1958.5;0.5;152.0;1496.3;0.3;98.4;1284.0;0.3;102.4;1586.0;0.3;105.8;1405.1;0.3;87.7;1397.2;0.2;89.3;1520.6;0.3;94.1;1728.0;0.3
"761 Sjónvörp, myndskjáir og -vörpur";998.8;1432.3;0.8;1072.1;1741.3;0.9;651.7;1364.8;0.6;744.2;1393.0;0.7;887.9;1529.8;0.7;1223.3;1968.3;0.8;1268.0;2540.5;0.8;1093.2;2780.0;0.6;1165.1;3184.1;0.7;683.0;2289.0;0.4;396.1;1846.5;0.4;494.5;2098.2;0.4;536.1;2391.0;0.4;488.9;2304.5;0.4;481.9;2359.0;0.4;470.2;2177.2;0.3
"762 Útvarpstæki";217.8;398.4;0.2;210.6;413.7;0.2;143.9;312.4;0.1;145.0;275.5;0.1;177.4;286.7;0.1;189.2;274.4;0.1;188.5;295.9;0.1;169.7;318.1;0.1;172.5;318.3;0.1;100.4;334.5;0.1;68.8;215.0;0.0;76.8;247.1;0.1;73.0;239.6;0.0;53.9;202.3;0.0;57.2;224.0;0.0;47.6;170.2;0.0
"763 Myndbands- og segulbandstæki";236.0;1701.1;0.9;264.4;2605.2;1.3;177.1;1756.7;0.8;227.2;1771.5;0.9;304.9;1760.7;0.8;362.3;2153.4;0.8;377.7;2526.1;0.8;286.4;2692.8;0.6;204.4;650.5;0.2;112.2;428.0;0.1;65.6;344.3;0.1;80.0;409.2;0.1;72.1;361.1;0.1;49.7;398.8;0.1;48.6;263.6;0.0;35.1;178.4;0.0
"764 Fjarsk.tæki og ýmis fylgitæki o.þ.h.";468.4;3193.4;1.8;540.7;4363.8;2.1;428.2;3895.4;1.8;378.2;3089.0;1.5;529.3;3675.3;1.7;594.8;3394.6;1.3;749.3;4497.8;1.4;689.1;4380.7;1.0;1016.8;8524.3;2.0;689.9;8124.8;1.6;440.9;7067.3;1.6;436.6;7325.6;1.5;452.0;8971.2;1.6;448.5;9537.3;1.6;531.2;12024.9;2.1;492.2;13245.2;2.1
"771 Rafspennar og stöðustraumbreytar";1041.1;824.8;0.5;731.1;654.3;0.3;781.5;711.4;0.3;410.6;573.1;0.3;559.6;622.8;0.3;971.8;923.0;0.4;3335.9;2632.3;0.8;5318.4;4269.0;1.0;1780.6;1807.7;0.4;1520.6;2652.2;0.5;900.9;1973.0;0.4;850.8;1668.9;0.3;1801.0;4884.6;0.9;1483.0;4441.0;0.7;1671.1;4179.2;0.7;1023.1;2326.2;0.4
"772 Rafbúnaður, ýmiskonar";1015.2;2098.5;1.2;1050.0;1990.3;1.0;1052.2;2259.6;1.0;777.9;1577.7;0.8;1053.7;1745.9;0.8;995.7;1774.2;0.7;1481.7;3034.2;1.0;2248.8;5064.9;1.2;1513.5;3378.1;0.8;1220.1;4201.7;0.8;697.8;3545.0;0.8;956.8;3835.0;0.8;1116.7;4907.9;0.9;1173.3;4125.2;0.7;1484.0;4368.5;0.7;1027.2;3965.6;0.6
"773 Raflagnaefni ót.a.";3078.0;970.8;0.5;2940.9;1047.3;0.5;2736.3;1195.9;0.5;2462.0;913.6;0.4;3821.3;1207.7;0.6;3909.2;1291.3;0.5;7270.0;2041.2;0.7;6399.3;3061.8;0.7;4723.4;2264.5;0.5;4583.8;2970.0;0.6;2226.9;1945.4;0.4;1786.1;1627.4;0.3;1962.7;2108.1;0.4;2523.4;2427.5;0.4;2908.5;3045.0;0.5;2074.6;2194.8;0.4
"774 Rafeindasjúkdómsgr./röntgentæki";73.0;394.8;0.2;106.8;397.9;0.2;38.8;540.3;0.2;59.3;732.3;0.4;47.3;681.6;0.3;94.6;768.8;0.3;53.3;614.0;0.2;80.0;563.0;0.1;53.5;592.8;0.1;62.7;946.5;0.2;23.2;551.1;0.1;29.9;637.4;0.1;20.6;520.9;0.1;42.3;897.5;0.2;61.0;1218.4;0.2;58.2;1344.9;0.2
"775 Vélar og tæki til heimilisnota, ót.a.";2564.3;1497.2;0.8;2523.9;1423.3;0.7;2387.8;1648.2;0.7;2638.1;1776.9;0.9;3049.4;1974.5;0.9;3590.5;2257.8;0.9;4658.9;2681.2;0.9;4516.2;3097.6;0.7;5133.1;3619.4;0.8;3289.7;3158.5;0.6;2105.0;2492.2;0.6;2512.6;2797.3;0.6;2590.8;3113.5;0.6;2751.6;3427.7;0.6;3074.8;3854.2;0.7;2910.5;3588.0;0.6
"776 Rafeindabúnaður ýmiskonar";25.3;419.0;0.2;29.8;528.5;0.3;33.3;605.9;0.3;32.8;554.8;0.3;30.0;408.5;0.2;31.0;430.8;0.2;39.4;471.8;0.2;41.9;445.0;0.1;44.5;427.5;0.1;38.3;408.9;0.1;20.5;380.9;0.1;30.0;539.5;0.1;29.3;634.4;0.1;36.2;598.0;0.1;51.6;914.7;0.2;55.2;624.5;0.1
"778 Aðrar rafmagnsvélar og -tæki";116716.4;5152.0;2.8;118602.2;5631.8;2.8;128710.4;7235.6;3.3;139714.7;7491.7;3.6;140090.1;7556.4;3.5;147098.6;8044.5;3.1;149766.1;8362.0;2.7;193718.3;14190.8;3.3;252560.6;16297.1;3.8;435901.9;35179.7;6.8;440500.3;43724.2;9.8;430051.8;42224.1;8.8;446256.2;50898.2;9.1;417835.4;49357.8;8.3;444444.6;48964.0;8.4;471989.3;48406.6;7.7
"781 Fólksbílar, ekki almenningsbílar";22942.6;14250.1;7.8;20584.9;13040.1;6.4;10623.9;8013.9;3.6;10524.2;8019.6;3.9;15984.5;12462.0;5.8;21449.7;17856.0;6.9;34772.9;27577.3;8.8;30586.4;27318.0;6.3;29923.7;29592.8;6.9;17123.1;21301.9;4.1;4293.7;8659.9;1.9;5176.8;8400.1;1.8;8228.6;14139.8;2.5;12474.9;22239.6;3.7;11248.6;19065.4;3.3;15263.1;25267.4;4.0
"782 Vörubílar og bílar til sérst. nota";5169.7;2824.1;1.5;6560.3;3768.1;1.9;3290.1;2168.1;1.0;2385.1;1623.5;0.8;7268.0;4885.0;2.3;8282.8;5694.9;2.2;12346.2;8162.9;2.6;12941.1;9710.8;2.2;12041.0;10038.0;2.3;6089.0;6623.7;1.3;1175.1;1807.5;0.4;835.4;1107.5;0.2;1187.8;1555.0;0.3;1680.7;2110.7;0.4;2278.3;2920.5;0.5;3733.9;5048.1;0.8
"783 Bílar, ót.a. (þ.m.t. almenningsbílar)";658.7;503.7;0.3;1033.4;708.4;0.3;528.8;457.1;0.2;449.2;435.1;0.2;887.9;1114.5;0.5;1343.0;1230.9;0.5;2554.6;2121.7;0.7;2017.3;1939.8;0.4;1777.1;1812.9;0.4;1293.2;1673.4;0.3;220.5;335.0;0.1;623.0;924.2;0.2;777.1;1197.3;0.2;1286.1;2294.0;0.4;1362.2;2667.7;0.5;1369.0;2698.2;0.4
"784 Hlutar og fylgitæki í bíla";1775.6;1446.2;0.8;1708.1;1464.1;0.7;1286.1;1293.1;0.6;1103.6;1220.8;0.6;1273.1;1353.6;0.6;1610.9;1695.1;0.7;2122.7;2038.6;0.6;2150.6;2475.4;0.6;2219.7;2557.9;0.6;1569.6;2612.2;0.5;1053.5;2327.2;0.5;1125.7;2137.9;0.4;1233.2;2343.7;0.4;1486.1;2719.3;0.5;1407.4;2590.7;0.4;1598.5;2935.3;0.5
"785 Bif- og reiðhjól, ökut. fyrir fatlaða";346.0;285.1;0.2;297.6;282.1;0.1;320.3;339.6;0.2;279.9;316.1;0.2;454.2;449.8;0.2;585.8;624.5;0.2;850.9;950.9;0.3;938.7;1232.8;0.3;1114.0;1727.3;0.4;800.4;1371.0;0.3;336.1;670.1;0.2;404.6;816.8;0.2;437.0;847.6;0.2;399.2;953.3;0.2;381.5;996.3;0.2;369.2;1092.2;0.2
"786 Tengi-/festivagnar; farart. án vélar";3164.8;786.6;0.4;3123.0;984.5;0.5;3080.7;796.8;0.4;2774.7;583.8;0.3;2048.7;694.3;0.3;5039.7;1260.1;0.5;13243.4;2200.7;0.7;7270.4;3274.6;0.8;7327.6;3267.1;0.8;5530.0;2881.4;0.6;874.6;661.0;0.1;991.4;786.7;0.2;1406.5;1289.2;0.2;1586.4;1491.1;0.2;1910.5;1556.3;0.3;2552.4;1634.5;0.3
"791 Járn- og sporbrautavagnar";1.8;1.5;0.0;1.9;2.1;0.0;1.7;1.5;0.0;1.2;1.0;0.0;0.0;0.2;0.0;194.9;151.8;0.1;228.6;65.6;0.0;414.2;219.0;0.1;137.1;96.7;0.0;17.6;22.6;0.0;0.7;4.0;0.0;4.3;5.0;0.0;9.6;13.6;0.0;37.8;57.0;0.0;21.9;58.6;0.0;8.2;14.4;0.0
"792 Loftför og tilheyrandi búnaður";91.5;3844.0;2.1;114.4;4612.7;2.3;138.4;7342.0;3.3;131.1;8195.0;3.9;129.5;2003.1;0.9;310.0;6248.1;2.4;1035.0;11065.4;3.5;1855.6;41621.4;9.6;2180.9;30489.6;7.1;2468.7;18137.5;3.5;14958.2;17003.0;3.8;1199.3;8473.2;1.8;618.4;11636.0;2.1;1829.7;24625.5;4.1;590.4;8414.3;1.4;634.8;9209.7;1.5
"793 Skip, bátar og fljótandi mannvirki";9774.1;4923.3;2.7;13379.8;6053.9;3.0;15050.4;6940.5;3.1;11589.5;4326.9;2.1;7332.3;2846.3;1.3;17154.0;3474.3;1.3;10041.6;2802.5;0.9;7728.3;3541.5;0.8;6684.7;3660.7;0.9;3568.1;2107.8;0.4;2909.6;3959.7;0.9;1922.4;2979.3;0.6;8079.6;10476.7;1.9;7341.0;10481.6;1.8;4240.9;3831.5;0.7;16729.4;15603.3;2.5
"811 Forsmíðaðar byggingar";6580.7;692.7;0.4;7735.5;1082.1;0.5;9306.9;1462.8;0.7;4149.3;665.6;0.3;9535.6;1696.7;0.8;11543.9;2146.1;0.8;22181.4;3532.1;1.1;24543.4;4833.0;1.1;23203.3;4507.2;1.0;13683.2;3712.0;0.7;1157.3;405.9;0.1;1335.9;442.6;0.1;2455.5;1045.4;0.2;2163.7;875.2;0.1;1311.4;687.5;0.1;2790.4;1593.2;0.3
"812 Pípul.efni, hreinlætis/hitunartæki ót.a.";1256.6;302.8;0.2;1509.6;366.4;0.2;1590.9;434.3;0.2;1284.9;365.2;0.2;1542.0;436.1;0.2;1656.6;524.4;0.2;1785.0;516.7;0.2;1723.4;598.3;0.1;1764.2;658.6;0.2;981.1;552.2;0.1;707.0;464.6;0.1;749.3;468.6;0.1;703.2;441.5;0.1;711.3;425.5;0.1;875.0;527.7;0.1;942.1;478.0;0.1
"813 Lampar og ljósabúnaður, ót.a.";1098.6;915.2;0.5;1191.4;991.0;0.5;1149.4;1211.3;0.5;1025.2;982.0;0.5;1192.8;1106.7;0.5;1492.0;1237.7;0.5;1660.1;1341.9;0.4;1971.7;1883.2;0.4;1897.2;2043.1;0.5;1380.4;1932.0;0.4;714.1;1316.6;0.3;860.2;1415.7;0.3;886.7;1544.1;0.3;919.6;1570.2;0.3;847.5;1621.3;0.3;971.2;1846.9;0.3
"821 Húsgögn og hlutar til þeirra";12465.0;4485.8;2.5;13150.4;4652.1;2.3;12156.9;5198.8;2.4;11332.8;4538.7;2.2;13515.9;5353.4;2.5;16202.2;6218.7;2.4;22832.4;7950.9;2.5;22573.3;9528.3;2.2;25259.5;10911.6;2.5;20112.2;11085.8;2.2;7824.7;5619.7;1.3;8353.7;5450.0;1.1;9614.2;6590.8;1.2;9390.6;6801.4;1.1;9764.9;7490.0;1.3;11057.2;7892.3;1.3
"831 Ferðabún., handtöskur o.þ.h.";307.1;364.4;0.2;317.8;400.5;0.2;314.3;426.8;0.2;270.0;357.9;0.2;385.6;420.5;0.2;453.2;479.3;0.2;624.4;550.9;0.2;535.4;682.3;0.2;506.9;689.0;0.2;385.4;665.9;0.1;221.2;536.0;0.1;245.5;647.7;0.1;308.1;812.4;0.1;288.8;913.7;0.2;279.0;910.2;0.2;290.8;967.9;0.2
"841 Herrafatnaður úr spunaefnum";510.5;1336.1;0.7;579.1;1455.1;0.7;455.3;1370.4;0.6;432.7;1324.9;0.6;534.7;1367.5;0.6;536.7;1415.1;0.5;693.6;1670.5;0.5;664.0;2013.1;0.5;589.6;2054.6;0.5;548.9;2602.9;0.5;359.2;2142.4;0.5;426.4;2244.3;0.5;414.1;2437.7;0.4;400.4;2550.0;0.4;419.1;2738.9;0.5;433.1;2742.8;0.4
"842 Kvenfatnaður úr spunaefnum";588.3;1960.5;1.1;641.9;2049.7;1.0;617.0;2305.4;1.0;555.5;2029.8;1.0;608.9;2049.8;0.9;673.2;2099.7;0.8;751.2;2233.2;0.7;710.0;2647.7;0.6;722.9;2816.4;0.7;632.1;3288.2;0.6;452.2;2947.4;0.7;489.5;2940.7;0.6;465.2;3047.1;0.5;451.5;3201.8;0.5;457.8;3257.4;0.6;507.3;3319.9;0.5
"843 Herrafatnaður, heklaður/prjónaður";103.5;226.2;0.1;81.6;196.8;0.1;88.3;250.4;0.1;94.5;222.3;0.1;83.1;232.9;0.1;110.5;245.0;0.1;119.9;269.2;0.1;178.1;448.0;0.1;177.4;514.1;0.1;157.0;650.2;0.1;126.0;647.0;0.1;154.3;728.9;0.2;138.5;730.7;0.1;128.2;713.6;0.1;122.7;710.6;0.1;121.8;679.3;0.1
"844 Kvenfatnaður, heklaður/prjónaður";139.7;396.2;0.2;140.6;409.2;0.2;160.6;526.3;0.2;162.8;448.6;0.2;143.2;445.7;0.2;176.8;473.2;0.2;219.1;525.3;0.2;258.1;758.8;0.2;280.7;914.1;0.2;279.2;1246.2;0.2;231.1;1195.2;0.3;276.1;1372.1;0.3;252.1;1430.1;0.3;211.9;1238.9;0.2;216.4;1308.9;0.2;228.7;1282.1;0.2
"845 Annar fatnaður ót.a.; ungbarnafatn.";856.1;2095.0;1.1;938.9;2302.7;1.1;916.5;2611.1;1.2;940.4;2541.1;1.2;1021.3;2723.3;1.3;1147.4;2922.4;1.1;1347.4;3023.4;1.0;1277.4;3417.4;0.8;1331.9;3636.8;0.8;1083.4;4302.8;0.8;798.8;3951.3;0.9;899.4;4288.8;0.9;856.5;4517.1;0.8;850.4;4553.3;0.8;911.7;4872.4;0.8;948.6;4835.1;0.8
"846 Aukahlutir úr spunaefnum, ót.a.";347.2;582.1;0.3;334.7;565.9;0.3;321.1;642.6;0.3;308.2;567.0;0.3;354.3;612.2;0.3;414.7;672.4;0.3;429.8;690.6;0.2;440.7;824.9;0.2;408.7;907.7;0.2;359.9;1001.6;0.2;328.0;1126.9;0.3;330.7;1143.9;0.2;328.3;1234.1;0.2;314.2;1210.7;0.2;289.9;1184.6;0.2;286.1;1170.3;0.2
"848 Aðrir aukahlutir; höfuðföt";386.1;418.7;0.2;418.8;475.1;0.2;443.2;554.5;0.3;495.6;541.3;0.3;544.7;517.7;0.2;559.4;544.7;0.2;695.1;712.8;0.2;666.0;855.3;0.2;765.5;935.8;0.2;690.9;1025.6;0.2;577.1;975.4;0.2;613.1;1103.6;0.2;617.7;1188.7;0.2;676.5;1316.5;0.2;690.5;1341.6;0.2;722.9;1379.3;0.2
"851 Skófatnaður";738.8;1433.0;0.8;851.5;1423.2;0.7;618.5;1546.8;0.7;615.2;1434.5;0.7;778.8;1599.8;0.7;891.3;1697.0;0.7;898.1;1732.1;0.6;1026.9;2291.7;0.5;1090.1;2332.1;0.5;855.9;2680.4;0.5;620.5;2426.3;0.5;745.4;2964.8;0.6;752.4;3344.8;0.6;724.5;3373.8;0.6;671.3;3443.9;0.6;738.6;3378.6;0.5
"871 Sjóntæki ót.a.";12.0;68.9;0.0;11.5;68.8;0.0;8.9;82.2;0.0;7.2;82.2;0.0;10.3;92.5;0.0;17.1;81.2;0.0;29.7;117.0;0.0;29.8;134.0;0.0;28.2;141.9;0.0;18.2;162.3;0.0;10.3;200.1;0.0;17.3;120.1;0.0;16.5;147.1;0.0;12.4;158.0;0.0;13.4;172.9;0.0;12.1;215.9;0.0
"872 Lækningatæki ót.a.";247.9;776.1;0.4;290.7;1016.5;0.5;370.4;1236.6;0.6;303.8;1191.4;0.6;430.7;1334.9;0.6;610.7;1436.4;0.6;1024.3;1666.0;0.5;944.5;2031.5;0.5;1018.5;2335.9;0.5;661.3;2502.0;0.5;301.2;2100.2;0.5;366.6;2212.9;0.5;324.4;2133.2;0.4;319.6;2732.7;0.5;335.1;2914.4;0.5;421.0;2986.5;0.5
"873 Mælitæki og teljarar ót.a.";48.1;137.9;0.1;24.3;67.3;0.0;36.2;122.8;0.1;27.7;103.9;0.1;22.7;105.4;0.0;64.9;121.9;0.0;53.5;175.6;0.1;56.7;184.6;0.0;49.2;226.8;0.1;42.4;258.8;0.1;21.9;319.4;0.1;34.1;239.8;0.1;37.5;281.6;0.1;35.5;262.5;0.0;31.7;237.5;0.0;38.3;288.0;0.0
"874 Önnur mælinga- og prófunartæki";285.4;2005.5;1.1;327.6;3217.1;1.6;273.7;2790.1;1.3;285.2;2563.0;1.2;425.4;2091.1;1.0;607.8;2014.0;0.8;520.8;2048.3;0.7;634.4;2767.3;0.6;824.3;3368.0;0.8;601.5;3717.3;0.7;299.6;3622.5;0.8;361.1;5651.6;1.2;326.0;4520.6;0.8;300.4;4125.1;0.7;328.7;4642.2;0.8;426.3;5818.8;0.9
"881 Ljósmyndavélar og tilh. bún. ót.a.";63.6;348.6;0.2;61.5;404.1;0.2;53.5;420.0;0.2;42.1;239.4;0.1;38.3;250.4;0.1;49.3;224.1;0.1;43.6;205.2;0.1;44.3;238.8;0.1;56.3;280.8;0.1;38.7;265.4;0.1;28.8;243.5;0.1;37.8;347.3;0.1;33.5;310.8;0.1;38.9;304.6;0.1;42.4;404.7;0.1;25.8;230.9;0.0
"882 Ljós- og kvikmyndagerðarvörur";518.0;659.3;0.4;533.7;706.3;0.3;489.1;750.4;0.3;480.2;725.5;0.3;480.4;745.9;0.3;471.5;729.2;0.3;470.2;620.0;0.2;399.0;681.5;0.2;409.2;733.1;0.2;355.5;829.3;0.2;255.1;953.5;0.2;275.7;826.7;0.2;268.2;781.8;0.1;267.9;865.0;0.1;280.3;748.6;0.1;235.9;621.9;0.1
"883 Framkallaðar kvikmyndafilmur";11.0;30.5;0.0;11.4;35.6;0.0;13.4;47.5;0.0;12.7;51.6;0.0;12.2;44.4;0.0;12.2;44.5;0.0;13.0;43.4;0.0;14.3;51.6;0.0;15.1;55.0;0.0;14.6;68.7;0.0;11.2;80.0;0.0;9.5;63.3;0.0;5.4;30.5;0.0;1.0;5.6;0.0;0.3;1.2;0.0;0.3;0.7;0.0
"884 Sjóntækjavörur ót.a.";45.9;361.9;0.2;35.5;398.4;0.2;36.7;444.3;0.2;43.2;443.9;0.2;19.1;453.7;0.2;52.7;499.5;0.2;76.9;607.3;0.2;89.1;796.4;0.2;122.7;851.6;0.2;69.0;893.5;0.2;73.0;940.8;0.2;83.4;1032.7;0.2;88.9;1064.8;0.2;80.2;1087.9;0.2;77.6;1162.4;0.2;83.1;1126.7;0.2
"885 Úr og klukkur";52.5;226.4;0.1;53.8;240.8;0.1;31.8;226.9;0.1;40.4;198.2;0.1;40.0;169.7;0.1;59.1;256.1;0.1;67.5;272.9;0.1;60.0;383.7;0.1;65.6;388.6;0.1;55.8;473.2;0.1;33.8;382.1;0.1;43.7;498.4;0.1;41.4;387.2;0.1;34.7;362.0;0.1;41.4;358.3;0.1;39.5;459.7;0.1
"891 Vopn og skotfæri";144.0;83.9;0.0;141.5;90.9;0.0;52.1;89.5;0.0;73.6;65.9;0.0;83.5;70.6;0.0;88.2;88.7;0.0;135.7;137.0;0.0;123.0;188.1;0.0;90.1;152.9;0.0;96.9;200.1;0.0;87.4;213.8;0.0;138.6;288.6;0.1;104.6;251.1;0.0;81.9;185.2;0.0;80.5;228.3;0.0;101.7;260.1;0.0
"892 Prentað mál";1499.9;1204.6;0.7;1351.1;1230.9;0.6;1431.6;1500.5;0.7;1277.7;1395.1;0.7;1357.8;1351.7;0.6;1463.4;1419.6;0.5;1716.8;1463.1;0.5;2357.6;1892.4;0.4;2460.7;1884.1;0.4;2246.4;2314.3;0.4;1450.8;2374.3;0.5;1473.1;2180.8;0.5;1493.5;2388.1;0.4;1619.7;2362.5;0.4;1562.4;2591.7;0.4;1401.5;2174.8;0.3
"893 Vörur úr plastefni ót.a.";6844.5;2580.6;1.4;7187.6;2649.7;1.3;7168.8;3262.4;1.5;7625.9;3097.8;1.5;7638.2;3027.7;1.4;8462.5;3349.3;1.3;10251.3;3807.0;1.2;10761.7;4561.8;1.1;11752.6;5046.3;1.2;11405.6;6290.2;1.2;7991.3;6275.7;1.4;9835.6;6611.4;1.4;10606.5;7453.7;1.3;10569.1;7845.7;1.3;11322.5;8114.0;1.4;11586.9;8287.9;1.3
"894 Barnavagnar, leikföng, íþróttavörur";1652.7;1405.1;0.8;1788.5;1611.5;0.8;1818.1;1953.7;0.9;1856.5;1790.0;0.9;2211.0;1938.1;0.9;2405.7;1993.4;0.8;3228.0;2360.6;0.8;3197.3;3053.1;0.7;3299.9;3212.1;0.7;2637.1;3458.2;0.7;1675.9;3140.2;0.7;2308.8;3598.3;0.8;2135.7;3885.3;0.7;2016.2;3644.9;0.6;1860.9;3658.1;0.6;2004.8;3894.5;0.6
"895 Skrifstofubúnaður og ritföng ót.a.";243.6;248.2;0.1;243.1;259.4;0.1;230.4;277.2;0.1;203.8;240.9;0.1;199.1;227.1;0.1;240.3;263.2;0.1;230.6;253.3;0.1;242.3;281.3;0.1;271.2;286.5;0.1;182.9;290.9;0.1;164.1;312.6;0.1;171.2;298.8;0.1;149.5;292.9;0.1;147.7;318.1;0.1;162.4;361.8;0.1;168.9;369.3;0.1
"896 Listmunir, safnara- og forngripir";6.7;17.8;0.0;17.1;39.3;0.0;8.1;19.7;0.0;3.0;14.0;0.0;5.7;59.2;0.0;62.9;74.4;0.0;89.8;171.2;0.1;13.1;61.7;0.0;24.4;150.3;0.0;76.6;207.0;0.0;26.4;203.2;0.0;12.3;43.0;0.0;7.9;49.3;0.0;33.3;186.2;0.0;7.3;52.3;0.0;7.2;34.9;0.0
"897 Skartgripir og skrautvörur";27.4;274.9;0.2;35.0;304.5;0.1;28.9;325.1;0.1;24.9;291.4;0.1;11.6;262.9;0.1;37.3;341.9;0.1;55.7;417.5;0.1;63.7;511.9;0.1;61.4;583.9;0.1;59.1;588.6;0.1;54.9;555.8;0.1;51.5;544.9;0.1;50.6;601.7;0.1;48.4;596.9;0.1;46.9;501.5;0.1;41.5;523.4;0.1
"898 Hljóðfæri; hljómplötur/-bönd o.þ.h.";566.0;1929.7;1.1;573.9;2448.1;1.2;457.2;1886.0;0.9;521.9;1660.8;0.8;602.8;2041.7;0.9;626.4;1966.3;0.8;783.1;2239.7;0.7;704.3;2561.1;0.6;680.8;2651.8;0.6;504.2;2548.8;0.5;360.5;2164.9;0.5;345.8;2187.3;0.5;340.6;2407.8;0.4;256.8;2197.0;0.4;245.7;2311.7;0.4;214.8;2074.1;0.3
"899 Ýmsar iðnaðarvörur, ót.a.";1292.2;908.4;0.5;1381.9;881.7;0.4;1341.2;1068.0;0.5;1318.7;1083.4;0.5;1367.8;1119.9;0.5;1560.2;1252.2;0.5;1810.6;1347.9;0.4;1631.9;1650.1;0.4;1744.0;1936.3;0.5;1527.1;2455.9;0.5;1230.0;2935.0;0.7;1260.6;2712.1;0.6;1362.0;2712.3;0.5;1291.0;3164.8;0.5;1304.3;3177.8;0.5;1401.9;3131.2;0.5
"9 Aðrar vörur, ót.a.";671.8;226.7;0.1;304.2;194.0;0.1;507.2;457.5;0.2;445.9;409.5;0.2;605.8;272.6;0.1;403.8;209.7;0.1;293.5;274.2;0.1;803.9;410.9;0.1;287.1;346.8;0.1;297.6;334.2;0.1;272.0;516.6;0.1;403.8;454.6;0.1;272.5;724.4;0.1;1593.0;1436.2;0.2;2653.8;778.2;0.1;2373.8;745.1;0.1
